CustomerID,Age,Gender,Tenure,MonthlyCharges,TotalCharges,ContractType,InternetService,TechSupport,PaymentMethod,Churn
1,58,Male,51,68.05123118692579,3205.435378511715,One year,DSL,No,Credit card,1
2,30,Female,68,76.6302127684665,7569.466791814675,Month-to-month,DSL,Yes,Electronic check,0
3,54,Female,8,106.18540905472067,7889.739649023254,One year,No,Yes,Electronic check,1
4,36,Female,15,84.82444639256778,6022.152971717944,Two year,DSL,No,Electronic check,0
5,69,Male,27,69.15979561722841,6915.628629395844,One year,DSL,Yes,Credit card,1
6,45,Male,65,61.840104965589205,1185.9664755528943,Two year,DSL,Yes,Electronic check,0
7,69,Male,24,37.16580131363568,7078.354524694167,One year,No,No,Electronic check,1
8,33,Female,8,71.77889996550267,6115.83658168328,Month-to-month,Fiber optic,No,Mailed check,1
9,64,Male,53,142.69615961898535,1398.1955570952264,One year,No,No,Electronic check,1
10,61,Male,60,64.87577351972402,723.4859979852531,Month-to-month,DSL,Yes,Bank transfer,1
11,54,Female,1,101.88347135177007,1160.4865733084214,Two year,Fiber optic,Yes,Bank transfer,1
12,33,Male,69,103.69730942148722,5525.852231746839,Two year,Fiber optic,Yes,Electronic check,0
13,45,Female,64,116.0735628432617,1869.6016339228195,One year,No,Yes,Bank transfer,0
14,64,Male,5,34.1451538473669,6944.550310792542,Two year,Fiber optic,Yes,Bank transfer,1
15,30,Male,35,47.65182102351919,4607.635419147193,Two year,No,Yes,Bank transfer,0
16,53,Male,66,108.74641301047791,960.7748170616693,Two year,No,No,Mailed check,0
17,51,Female,56,54.079569178918504,5524.181568401587,One year,DSL,Yes,Mailed check,0
18,25,Male,5,130.14689498505768,1042.0209613818304,Month-to-month,DSL,No,Credit card,1
19,21,Female,62,59.53032137494832,3752.2509766366475,One year,No,Yes,Mailed check,0
20,60,Male,56,55.52129427047368,2889.542781678281,Month-to-month,No,Yes,Credit card,0
21,48,Female,23,108.30307402547618,5525.879321169384,Two year,DSL,No,Mailed check,1
22,41,Male,58,126.4122382932176,3774.5674111082208,Two year,No,Yes,Electronic check,0
23,53,Male,26,68.79027654504719,6926.479929034784,Month-to-month,DSL,Yes,Bank transfer,1
24,31,Female,33,105.16854163528654,6529.9528244995245,Month-to-month,DSL,No,Bank transfer,1
25,54,Male,11,23.565306979506303,6908.34524093104,Two year,No,No,Electronic check,1
26,61,Female,48,45.66440878409674,6317.187495944481,Month-to-month,No,Yes,Credit card,0
27,40,Male,69,57.62316570021206,1008.4912494639594,Two year,Fiber optic,Yes,Electronic check,0
28,64,Female,71,135.7798546813962,1950.1133934058969,Two year,Fiber optic,No,Credit card,1
29,61,Male,59,46.29240584334602,6698.649709369175,Two year,No,No,Credit card,0
30,65,Female,56,26.031587699644867,1654.5348570932879,Two year,No,Yes,Credit card,0
31,58,Female,68,94.57158133275769,1352.9765119451147,Month-to-month,No,No,Credit card,0
32,35,Male,56,109.66440280188954,611.7684164818415,Two year,DSL,No,Electronic check,0
33,44,Male,47,131.93262418933793,4320.017869648585,Month-to-month,Fiber optic,Yes,Electronic check,1
34,65,Male,65,46.35932401929807,5020.301723170038,Month-to-month,DSL,Yes,Mailed check,1
35,50,Male,27,99.96681921980915,6109.824859213231,Two year,No,Yes,Mailed check,0
36,59,Male,67,107.03500474382167,316.75911509018397,Two year,DSL,Yes,Mailed check,0
37,33,Female,49,116.19525656427602,327.3198489930188,Two year,No,No,Credit card,0
38,67,Male,55,116.58879541987308,3005.9475394499555,Month-to-month,Fiber optic,Yes,Electronic check,0
39,68,Male,65,147.62448695460392,5337.41788313621,Month-to-month,Fiber optic,Yes,Credit card,1
40,28,Female,17,74.80014507691308,7963.075892150437,Two year,No,Yes,Bank transfer,0
41,25,Female,56,48.09432371036848,4515.721369882653,One year,No,No,Electronic check,0
42,49,Female,3,129.23801306891193,7800.23798483992,Two year,Fiber optic,Yes,Credit card,1
43,25,Male,41,22.669506560953735,3076.2554919963595,Month-to-month,No,Yes,Electronic check,0
44,22,Male,47,37.15915501912701,7810.559161708234,Two year,Fiber optic,No,Mailed check,1
45,34,Male,69,104.25252054853337,5788.807996268014,Month-to-month,No,No,Credit card,1
46,55,Male,64,110.59142466538512,7365.806413893374,Month-to-month,Fiber optic,Yes,Electronic check,1
47,58,Male,55,61.5223096402546,478.3870474678472,Month-to-month,Fiber optic,No,Bank transfer,0
48,57,Female,57,103.50628947661754,7485.535038905468,Two year,No,No,Bank transfer,1
49,62,Male,59,103.76770509065535,7567.0616958452865,Month-to-month,No,Yes,Credit card,0
50,22,Male,23,66.52781260976187,1696.0242683467748,One year,No,No,Mailed check,0
51,52,Female,12,114.00962771393876,3339.080685920315,Month-to-month,Fiber optic,No,Mailed check,0
52,24,Female,50,124.03841026215422,5775.806738547318,One year,DSL,No,Bank transfer,0
53,56,Male,26,47.2840249808669,3176.254749884754,Month-to-month,Fiber optic,Yes,Mailed check,1
54,23,Male,11,76.43273309116239,5938.906645619362,One year,No,Yes,Bank transfer,0
55,45,Female,12,51.16653478743872,3379.060863101457,One year,DSL,Yes,Credit card,0
56,53,Male,62,123.7507781153395,272.791319833245,Month-to-month,No,No,Electronic check,1
57,46,Female,8,124.59476281203503,4810.17945171587,Month-to-month,DSL,No,Mailed check,1
58,29,Male,4,66.24169954458421,6202.279841653363,Two year,No,Yes,Mailed check,0
59,58,Female,36,54.85897895837868,3393.168738528677,Month-to-month,Fiber optic,No,Bank transfer,0
60,51,Male,6,84.02489124415987,2298.4659040126926,One year,DSL,Yes,Mailed check,1
61,51,Female,36,148.26065562068965,3105.258827081193,Month-to-month,DSL,No,Bank transfer,1
62,32,Male,34,68.50860372234962,3222.2662306751486,Month-to-month,No,Yes,Mailed check,1
63,53,Female,42,130.38132636292937,1684.5656065231497,Two year,Fiber optic,No,Credit card,1
64,44,Male,69,115.86119773025223,2863.342921307409,Two year,No,Yes,Electronic check,0
65,32,Female,54,143.0262730692809,5435.094902730842,Two year,DSL,No,Bank transfer,0
66,26,Female,52,111.11008021213081,5800.591914082909,Month-to-month,Fiber optic,No,Mailed check,1
67,63,Male,35,78.96356183421145,3000.167215950269,One year,Fiber optic,Yes,Credit card,0
68,35,Male,4,60.57781178962839,2173.8878202550745,One year,Fiber optic,No,Bank transfer,0
69,46,Female,53,141.35178694149533,2203.4538358265295,One year,Fiber optic,Yes,Credit card,1
70,30,Male,38,83.30687112510395,6870.612699760474,Month-to-month,DSL,Yes,Mailed check,1
71,35,Male,36,148.42546417477428,5680.069869038959,One year,Fiber optic,No,Credit card,0
72,18,Male,24,81.13202311593496,5738.894100438026,Two year,Fiber optic,No,Mailed check,1
73,31,Female,52,143.94225841885964,1597.409745165135,Month-to-month,DSL,No,Electronic check,0
74,28,Female,35,43.85776449419167,7286.984028175711,Two year,Fiber optic,No,Credit card,0
75,33,Male,16,20.00709053047104,1244.207428212904,Month-to-month,Fiber optic,No,Electronic check,0
76,58,Male,9,149.58162319936156,2710.7881893030094,Month-to-month,No,Yes,Credit card,1
77,59,Male,21,93.62639696670017,5150.778236788267,Month-to-month,Fiber optic,Yes,Bank transfer,1
78,57,Male,71,36.76852005724571,6788.4467176522185,Month-to-month,DSL,No,Electronic check,0
79,56,Female,69,127.64519758258926,894.8892402504051,Month-to-month,No,Yes,Credit card,1
80,69,Female,13,76.26751711002404,1720.3447223536716,One year,DSL,No,Credit card,0
81,31,Female,3,69.43844690972955,7413.9514127682,Two year,Fiber optic,Yes,Bank transfer,0
82,22,Male,46,35.9829453971669,4345.470210386289,Month-to-month,Fiber optic,No,Mailed check,1
83,60,Male,18,63.31523386405845,2517.98636595883,One year,DSL,Yes,Bank transfer,0
84,40,Male,35,128.35454502213088,3520.302482980748,Two year,No,Yes,Bank transfer,1
85,18,Female,14,133.61608308778045,2381.5995672522663,Two year,No,Yes,Bank transfer,0
86,60,Male,18,41.38300573855005,3220.9837261644834,Two year,DSL,No,Electronic check,0
87,46,Male,50,27.093613552316334,565.56027850176,Two year,No,Yes,Credit card,0
88,58,Male,52,121.87895845948984,3374.3093695223515,One year,Fiber optic,Yes,Bank transfer,0
89,29,Female,52,27.665580276975444,3274.447294918961,Two year,Fiber optic,No,Electronic check,1
90,20,Female,54,85.5756572615187,3278.11631475834,Two year,DSL,Yes,Electronic check,1
91,44,Male,23,71.44239900327057,1148.1689695082457,Two year,No,Yes,Electronic check,0
92,52,Female,52,124.0849939749055,923.6141191904732,One year,No,Yes,Credit card,0
93,47,Male,18,94.5472768706258,1022.4664951020696,Month-to-month,Fiber optic,No,Electronic check,0
94,60,Male,29,119.55747781535665,2160.15687213755,Two year,DSL,No,Mailed check,0
95,30,Male,18,34.201763107763604,7151.708287124372,Two year,DSL,No,Electronic check,0
96,59,Male,51,45.138697253799094,5253.675016053836,Two year,DSL,Yes,Mailed check,0
97,33,Male,54,60.689254316439715,6924.900670502461,One year,No,Yes,Bank transfer,0
98,40,Female,20,65.71433720787232,7496.61101294868,One year,Fiber optic,Yes,Credit card,0
99,58,Male,29,30.08484607749332,3073.0932553976068,Two year,No,Yes,Bank transfer,0
100,53,Male,9,44.08453585229182,2329.7868287627707,Month-to-month,No,Yes,Credit card,0
101,51,Male,20,27.3350782133072,4181.028547768678,One year,DSL,No,Credit card,0
102,43,Male,49,100.08450858831479,2509.2013670294277,Two year,Fiber optic,No,Credit card,1
103,43,Female,24,97.9221315243857,2043.9881379442068,Month-to-month,DSL,Yes,Credit card,0
104,37,Female,24,56.22291698210808,2190.242565532145,One year,Fiber optic,Yes,Credit card,0
105,56,Female,51,23.915472943998786,5907.740693545851,Two year,Fiber optic,Yes,Credit card,1
106,40,Male,25,66.60993318191143,6240.195087566327,One year,DSL,Yes,Bank transfer,0
107,19,Female,17,50.917038962389675,5000.710884908666,One year,Fiber optic,No,Credit card,0
108,18,Male,29,138.50269025211742,5714.438735291,One year,No,No,Credit card,0
109,36,Male,68,64.44363327372993,3824.615037756422,One year,Fiber optic,No,Mailed check,0
110,46,Male,23,130.55714608411418,3302.185285624132,One year,Fiber optic,Yes,Credit card,0
111,54,Male,8,111.00417165945892,2020.1824872433453,Two year,No,Yes,Credit card,0
112,39,Female,6,49.228080070699015,5921.274204120204,Two year,No,Yes,Electronic check,0
113,69,Female,44,66.33178159307317,1696.1121522782528,Two year,Fiber optic,Yes,Credit card,0
114,45,Male,49,138.99018570183623,6771.989713960405,Two year,No,No,Mailed check,1
115,22,Male,62,87.16247601595964,5356.428953467423,Two year,No,Yes,Bank transfer,0
116,56,Male,22,68.20785502479482,827.8825050753446,Two year,No,Yes,Credit card,0
117,48,Female,54,81.02732574482613,2167.146572409644,Month-to-month,Fiber optic,No,Electronic check,1
118,22,Female,62,68.09493803297548,5194.942541513372,Two year,Fiber optic,Yes,Mailed check,1
119,38,Male,6,85.91152814578558,1445.4674200408433,One year,DSL,No,Credit card,0
120,44,Male,34,148.38564438841496,2844.7103122008634,One year,No,No,Bank transfer,0
121,54,Male,61,47.31339022538384,813.368681169041,Two year,No,Yes,Credit card,0
122,61,Female,2,144.97338025339005,259.5241085974857,Month-to-month,DSL,Yes,Credit card,1
123,60,Male,15,86.38766047157961,3994.6666791473167,Month-to-month,DSL,No,Mailed check,0
124,21,Male,47,126.46301738251498,7087.987802879751,Month-to-month,No,No,Electronic check,1
125,67,Female,68,141.9648975399507,5421.725411449424,One year,No,No,Electronic check,1
126,39,Female,37,123.46695956660214,5926.245645485163,Month-to-month,No,Yes,Credit card,1
127,36,Female,5,24.04043130768132,1704.7902837180839,Month-to-month,No,No,Electronic check,1
128,42,Female,35,113.12672172877674,5519.507988245063,One year,DSL,Yes,Bank transfer,0
129,34,Male,19,40.94236043599257,3009.596166876128,One year,DSL,No,Electronic check,0
130,57,Female,29,102.67078458969627,4818.826266380912,Month-to-month,DSL,No,Bank transfer,0
131,67,Female,2,148.09549853086827,7618.086224016882,Two year,DSL,Yes,Bank transfer,1
132,53,Male,1,72.4136886820469,6297.766920252821,Month-to-month,No,Yes,Mailed check,1
133,26,Female,10,41.48186592562311,5788.187627979011,Month-to-month,Fiber optic,No,Credit card,1
134,32,Male,36,55.28772646407585,5276.825515607922,One year,Fiber optic,No,Mailed check,0
135,49,Female,23,142.82181402116078,6387.640320953929,Month-to-month,Fiber optic,Yes,Electronic check,1
136,62,Female,16,134.60123686605164,390.6679926247419,One year,Fiber optic,Yes,Electronic check,1
137,38,Female,44,41.01575644805787,3609.5884269136936,One year,No,Yes,Credit card,1
138,20,Male,56,129.29795089929684,3870.0021847934645,One year,Fiber optic,Yes,Mailed check,0
139,64,Female,1,123.23214905409216,7005.636555993773,One year,No,No,Credit card,1
140,18,Female,32,22.927042791719394,7114.151209505884,Month-to-month,No,No,Electronic check,1
141,19,Male,47,28.159765572706405,7556.547267180999,Month-to-month,Fiber optic,Yes,Bank transfer,1
142,38,Male,9,84.0856475807283,819.3728297594482,Month-to-month,Fiber optic,Yes,Bank transfer,0
143,63,Female,21,62.5466581426724,4467.023729890223,One year,No,Yes,Bank transfer,1
144,66,Male,25,39.085059503978925,1484.8172368502467,Two year,DSL,Yes,Electronic check,0
145,61,Female,61,75.3141895168211,6492.476959691582,Two year,Fiber optic,Yes,Credit card,0
146,40,Male,58,118.70037185765632,2847.3787103940062,Month-to-month,Fiber optic,No,Bank transfer,1
147,58,Female,28,141.2459690125004,3394.3971347663214,Two year,Fiber optic,No,Credit card,1
148,36,Male,25,49.989838107381445,714.3470911463464,Month-to-month,No,Yes,Bank transfer,0
149,66,Male,49,96.03492326676817,6734.044261336147,Two year,No,No,Credit card,0
150,21,Male,23,101.47924650640427,5033.086136299055,Two year,DSL,No,Bank transfer,1
151,35,Female,34,88.6816096078624,1522.9215769055513,Month-to-month,No,No,Mailed check,1
152,63,Female,26,21.347266827623717,6140.952300405424,Month-to-month,No,No,Mailed check,0
153,50,Male,26,107.70949534721316,3296.8915924905664,Month-to-month,DSL,Yes,Credit card,0
154,52,Male,55,73.97081573147157,3032.8749670574653,Two year,Fiber optic,No,Electronic check,1
155,26,Female,63,118.34467666761034,3364.769448869845,One year,Fiber optic,Yes,Mailed check,0
156,48,Female,61,109.22170591621182,2840.531460285618,One year,DSL,Yes,Electronic check,0
157,63,Male,56,129.73569047710498,2871.818282552749,Month-to-month,DSL,No,Mailed check,1
158,55,Male,10,126.09527356200107,4711.073381235534,Two year,No,No,Electronic check,0
159,19,Female,39,145.79897036483516,601.3111757678435,Month-to-month,DSL,No,Bank transfer,0
160,33,Male,34,103.6324626538739,2207.453999929511,Month-to-month,DSL,Yes,Bank transfer,0
161,68,Male,29,117.36573701864474,1116.1398417310718,One year,No,No,Electronic check,1
162,33,Female,43,144.59957832624508,4611.568852148946,One year,No,Yes,Electronic check,1
163,41,Male,70,94.45928015796716,7664.518101555938,Month-to-month,Fiber optic,No,Electronic check,1
164,34,Male,5,80.31714135968606,5285.234875802072,One year,DSL,No,Bank transfer,0
165,41,Male,66,140.38039596948323,6508.267979786332,Month-to-month,Fiber optic,Yes,Bank transfer,1
166,29,Female,54,134.25255932465328,149.1980824085028,One year,No,No,Credit card,0
167,19,Female,9,132.7609858738166,5605.346915788987,Month-to-month,Fiber optic,No,Mailed check,1
168,59,Female,1,123.31109861174356,3101.125655954068,Two year,Fiber optic,No,Bank transfer,0
169,57,Male,47,139.85320471121614,7758.224228748719,Two year,Fiber optic,Yes,Mailed check,1
170,34,Female,25,109.53431683724943,624.7145200244674,Month-to-month,DSL,Yes,Electronic check,0
171,32,Male,42,106.85430936226064,5904.558321191739,One year,No,Yes,Electronic check,1
172,66,Male,59,145.13799813062658,7539.156972510123,Two year,DSL,Yes,Electronic check,1
173,29,Male,45,29.980253275550716,1497.0684703664724,Month-to-month,Fiber optic,No,Mailed check,1
174,56,Female,1,134.50384184675087,7695.090287472011,Month-to-month,DSL,Yes,Credit card,1
175,46,Female,61,145.9736395737881,4066.9403771210605,Month-to-month,Fiber optic,Yes,Credit card,1
176,46,Female,23,41.547261312485475,3656.109524492431,Two year,Fiber optic,Yes,Bank transfer,0
177,66,Male,34,32.77949972168526,2603.071707190544,Two year,No,Yes,Electronic check,0
178,37,Female,29,103.54777650015087,960.2636625965251,Two year,Fiber optic,No,Mailed check,1
179,49,Male,4,138.4610331614337,704.1976730456479,Two year,DSL,Yes,Bank transfer,1
180,59,Male,10,62.06836538304028,5682.552535703044,Two year,No,No,Bank transfer,1
181,59,Male,36,56.00123450546544,558.5550916240468,One year,DSL,No,Credit card,0
182,20,Female,43,132.80275189117305,6121.77002959521,Month-to-month,Fiber optic,Yes,Credit card,0
183,64,Male,45,149.78890199589912,7626.33528602108,Month-to-month,DSL,Yes,Bank transfer,1
184,43,Male,31,93.52275964144678,924.1782480335072,Month-to-month,Fiber optic,Yes,Mailed check,1
185,35,Male,22,108.8639389409737,7245.231609910473,One year,Fiber optic,Yes,Credit card,1
186,52,Male,27,25.499557207136625,4476.174232748804,Two year,Fiber optic,No,Electronic check,0
187,45,Female,13,148.8683717970336,486.52015575130025,Two year,No,Yes,Bank transfer,1
188,30,Female,23,119.75966007641097,3751.4414221906773,Two year,Fiber optic,Yes,Credit card,0
189,44,Male,45,111.67722204887764,564.887887024104,Month-to-month,No,Yes,Credit card,1
190,39,Male,50,140.64698477975796,3091.8972554968004,One year,No,Yes,Bank transfer,0
191,31,Female,69,26.534781143084192,5333.567416316417,One year,Fiber optic,Yes,Electronic check,0
192,67,Female,39,34.873168908883535,3335.694650390001,One year,Fiber optic,No,Credit card,1
193,24,Female,18,133.5674435421683,5140.04062634732,Two year,No,No,Credit card,0
194,32,Male,70,70.91718826875967,3471.5303337920764,Two year,Fiber optic,Yes,Mailed check,0
195,42,Male,59,24.282554512381516,2848.52915420245,Two year,DSL,No,Mailed check,1
196,31,Female,53,51.692202714305466,5026.762649046706,Month-to-month,DSL,No,Mailed check,0
197,46,Male,16,85.8096044719469,3403.5700429621147,Month-to-month,No,No,Mailed check,1
198,33,Female,33,83.56100440161512,5088.294833537685,Two year,Fiber optic,No,Bank transfer,0
199,37,Male,65,95.70248864568478,2001.6999191989232,Two year,Fiber optic,No,Credit card,0
200,22,Male,39,46.844890383880625,5973.358195314418,Two year,DSL,No,Bank transfer,0
201,34,Female,48,87.24389460524893,5148.969820301034,Month-to-month,No,No,Credit card,0
202,23,Female,30,146.5340034680371,7233.7602699850195,Two year,Fiber optic,Yes,Bank transfer,0
203,42,Female,69,94.41945265905969,7594.891151502663,One year,Fiber optic,Yes,Electronic check,0
204,41,Female,5,69.1650599315705,1150.242984034019,Month-to-month,DSL,No,Electronic check,1
205,41,Female,16,105.33230883852013,3042.022595770252,One year,Fiber optic,No,Mailed check,0
206,19,Male,36,145.42941191806824,5735.240447929419,One year,Fiber optic,Yes,Mailed check,1
207,38,Female,27,133.4312902957377,7093.982380779916,Two year,Fiber optic,Yes,Bank transfer,0
208,41,Female,48,22.491729432405034,2808.383680629313,Month-to-month,No,No,Mailed check,1
209,49,Female,49,72.54704085780767,6470.435671233373,One year,DSL,No,Mailed check,0
210,33,Female,43,108.33744367112932,4105.943759063299,Month-to-month,DSL,No,Credit card,0
211,67,Female,59,115.31456814298606,667.8943917248178,One year,No,Yes,Bank transfer,0
212,67,Female,20,62.37411672191416,7651.501878835198,Two year,Fiber optic,Yes,Electronic check,0
213,59,Male,50,92.31785186214893,1109.840124437611,One year,Fiber optic,No,Credit card,0
214,28,Female,46,147.0720819387692,2569.151426797043,Month-to-month,DSL,No,Electronic check,1
215,29,Male,67,143.045870487544,740.0718018115273,Month-to-month,No,Yes,Bank transfer,0
216,36,Female,30,83.847840288079,3803.197229180578,One year,No,Yes,Electronic check,0
217,48,Female,38,69.81318679776977,6166.189413766236,Two year,DSL,No,Bank transfer,0
218,21,Male,46,108.95882667293444,7477.674352093764,Two year,No,Yes,Electronic check,0
219,67,Male,36,42.483633407944275,7131.699986257416,Two year,No,No,Credit card,0
220,20,Female,26,123.70030923550901,3819.2291270490073,One year,Fiber optic,No,Mailed check,0
221,21,Male,71,98.64642272257612,7066.169959333582,One year,Fiber optic,No,Mailed check,0
222,31,Female,66,31.737516423774714,2458.0240131418445,Two year,DSL,No,Bank transfer,1
223,46,Male,24,71.38704953561432,6532.119762570012,One year,Fiber optic,No,Credit card,0
224,67,Male,27,80.90190875270393,4231.655368334998,Two year,Fiber optic,No,Electronic check,0
225,49,Male,65,69.05525946374202,1364.3931003986677,Two year,No,Yes,Mailed check,0
226,36,Female,63,72.09118943058738,2004.0601008303752,Two year,Fiber optic,No,Mailed check,0
227,34,Male,1,99.06557021758725,6775.173212192418,One year,Fiber optic,Yes,Electronic check,1
228,18,Female,70,95.256870627851,2557.813435832637,Two year,No,No,Bank transfer,1
229,62,Male,22,93.80408161342788,829.412481772621,One year,No,Yes,Electronic check,0
230,49,Male,71,63.315539262823364,2643.457181670418,Month-to-month,DSL,No,Bank transfer,0
231,56,Female,65,45.55415366857392,2000.8617094655467,Two year,Fiber optic,No,Mailed check,0
232,47,Male,21,127.57739768571079,6322.98878960358,Two year,No,No,Bank transfer,0
233,46,Female,65,91.12945541799556,1466.2697008688376,Two year,No,Yes,Mailed check,0
234,41,Female,46,54.251684556156064,1869.338149578423,Two year,Fiber optic,No,Bank transfer,0
235,33,Male,2,110.7750713574563,7013.923908633015,Month-to-month,DSL,Yes,Bank transfer,0
236,67,Female,34,118.21103067897904,3129.8566659917046,Two year,No,Yes,Bank transfer,0
237,39,Female,44,30.88746636596199,828.5858023522819,Two year,DSL,Yes,Credit card,0
238,34,Female,71,20.54185878895987,5825.3545116235055,Month-to-month,DSL,Yes,Credit card,0
239,47,Female,57,48.45725823689715,5914.871921333576,Two year,DSL,No,Electronic check,1
240,28,Male,47,43.515871992030405,4267.707232818677,One year,DSL,No,Bank transfer,0
241,18,Female,6,139.42042881886525,5706.853796293306,Month-to-month,No,No,Credit card,1
242,43,Female,12,26.445714061244434,3895.224143855929,Two year,No,Yes,Mailed check,1
243,54,Female,4,93.20139197099742,4748.251552327958,Two year,Fiber optic,Yes,Bank transfer,0
244,50,Female,20,67.12371973274296,6540.403737370848,Month-to-month,Fiber optic,Yes,Bank transfer,1
245,42,Male,45,129.07506344301197,7675.379380727091,Two year,Fiber optic,No,Electronic check,0
246,55,Female,2,102.88198239491989,7801.483844528526,Two year,Fiber optic,Yes,Credit card,0
247,40,Male,13,89.36628936691926,1824.1329528917609,Two year,DSL,Yes,Bank transfer,1
248,44,Male,41,100.55997661768433,5379.226630462978,Month-to-month,No,No,Mailed check,1
249,60,Female,14,131.81953673432736,967.0609335773983,Month-to-month,DSL,No,Credit card,1
250,69,Male,24,42.34284234959649,790.6550743781779,Two year,No,Yes,Electronic check,1
251,44,Female,7,37.133370341129364,2703.01123331231,Month-to-month,Fiber optic,No,Electronic check,1
252,33,Female,50,32.80765340874897,7543.051227195821,One year,Fiber optic,Yes,Credit card,0
253,19,Female,42,84.95584049600133,5619.889420428197,Two year,Fiber optic,No,Credit card,1
254,44,Male,15,148.37667798684882,2546.5769198533576,Two year,DSL,No,Electronic check,0
255,41,Female,64,63.254595686454586,5172.827855631509,Two year,No,No,Bank transfer,0
256,28,Male,46,75.56022712121505,3545.4775513096615,Month-to-month,No,No,Bank transfer,1
257,46,Male,6,133.81014933069468,2436.8782913532123,Two year,Fiber optic,Yes,Electronic check,1
258,46,Female,27,60.94753948510536,2159.142130410354,One year,Fiber optic,Yes,Mailed check,0
259,59,Female,45,149.3609300933119,1008.1429044359184,Month-to-month,No,Yes,Bank transfer,1
260,45,Male,51,74.88851426692548,1686.1836199416941,One year,Fiber optic,No,Credit card,0
261,40,Female,27,99.78784434851842,6678.697958255413,Month-to-month,No,Yes,Credit card,0
262,21,Female,60,82.37526346171279,2342.774886835842,Two year,No,Yes,Mailed check,0
263,51,Female,18,100.15326105727921,4421.441676152793,Month-to-month,No,No,Electronic check,1
264,28,Female,59,75.95928624012875,1406.0352413881506,One year,No,No,Electronic check,0
265,44,Female,27,74.5414511010791,6372.575339703297,Month-to-month,DSL,No,Bank transfer,1
266,65,Male,11,146.55731833996222,6871.6512044084175,Month-to-month,No,No,Credit card,1
267,63,Female,6,49.70342947999977,1356.4851994104297,Month-to-month,No,Yes,Electronic check,1
268,25,Male,65,41.64528341760669,116.2262782418529,One year,DSL,No,Credit card,0
269,60,Male,15,55.474559236975374,2347.8364202117177,One year,DSL,No,Electronic check,0
270,54,Female,59,104.03693067619733,1083.2428091680822,Month-to-month,Fiber optic,Yes,Bank transfer,0
271,66,Male,39,54.59183078899815,4099.836182076491,Two year,No,No,Mailed check,0
272,61,Female,30,75.83597208740463,308.3182921002543,Two year,DSL,No,Credit card,0
273,67,Female,9,31.36811095751785,7154.6868636455165,Month-to-month,Fiber optic,Yes,Electronic check,1
274,58,Male,58,41.747986616559274,3703.819153410392,Two year,DSL,Yes,Mailed check,0
275,40,Male,48,75.05183422559054,1169.28916237672,One year,Fiber optic,No,Credit card,0
276,32,Female,3,25.66017490741776,7953.869315294592,Two year,DSL,No,Mailed check,1
277,38,Male,10,85.76808108255042,5752.902005526157,One year,No,Yes,Electronic check,1
278,35,Male,66,146.85560587119232,6943.57206762589,One year,Fiber optic,Yes,Credit card,0
279,30,Male,4,79.28307254365818,5963.952797351085,Month-to-month,DSL,No,Credit card,1
280,53,Female,52,30.282864987051767,1767.2487936642453,One year,No,Yes,Mailed check,0
281,43,Female,22,108.14970589405445,1733.5472796555707,One year,No,Yes,Bank transfer,0
282,56,Female,51,41.98861610590608,2482.287815553776,Month-to-month,DSL,No,Mailed check,0
283,18,Male,32,88.28704351124425,5129.4037613808805,Month-to-month,Fiber optic,Yes,Credit card,1
284,29,Male,13,140.4516903592113,4178.691156290284,Two year,DSL,No,Mailed check,0
285,68,Female,71,133.47714626966257,6139.543595924991,Two year,No,No,Credit card,0
286,60,Male,17,125.94821374268633,4076.0693453673252,Two year,Fiber optic,Yes,Credit card,1
287,66,Female,32,36.96893162691889,5972.664513335054,Two year,DSL,No,Credit card,1
288,58,Male,8,79.17612264751376,6537.6792359894835,Month-to-month,Fiber optic,No,Electronic check,1
289,68,Male,32,96.61427968969302,2347.8591220716953,One year,DSL,Yes,Mailed check,0
290,42,Female,7,136.9254541943207,2666.393857745787,Month-to-month,Fiber optic,Yes,Mailed check,1
291,59,Male,25,87.67688312563331,5882.196101829557,One year,Fiber optic,No,Bank transfer,1
292,55,Female,65,48.41764387145297,571.0493533600958,Month-to-month,No,No,Bank transfer,1
293,22,Male,29,111.96749195267589,4959.216901978831,Month-to-month,DSL,No,Electronic check,1
294,20,Male,15,116.01431383587314,6655.3547053109,Two year,Fiber optic,Yes,Credit card,1
295,62,Female,68,45.51987510290204,1974.5605283024279,Two year,DSL,No,Electronic check,0
296,59,Female,55,143.30668932312994,1277.0571069651996,Two year,Fiber optic,Yes,Electronic check,1
297,20,Male,4,41.11688550886572,6855.207950936958,Two year,DSL,Yes,Mailed check,1
298,27,Female,13,139.51842443292003,7457.584667647828,Month-to-month,DSL,Yes,Mailed check,0
299,26,Male,47,28.478021459797766,3744.40448131251,Month-to-month,DSL,Yes,Bank transfer,1
300,24,Female,60,29.625186210465035,1260.7446472057286,One year,DSL,No,Credit card,0
301,40,Female,36,117.14200115160043,2281.0560113570136,Two year,No,No,Credit card,1
302,33,Female,3,28.39072819318695,6213.666308115374,One year,DSL,No,Credit card,0
303,65,Female,40,20.152354652346183,7062.807067661007,Month-to-month,Fiber optic,Yes,Mailed check,1
304,38,Male,27,25.310602213965755,4272.625599368027,Month-to-month,Fiber optic,No,Electronic check,1
305,41,Female,4,48.57626897302455,2175.7127042677507,One year,No,No,Bank transfer,0
306,37,Female,14,130.78263798211907,1848.996797558298,One year,No,No,Electronic check,0
307,69,Male,12,49.35694644249855,3732.4212527861696,One year,DSL,No,Electronic check,0
308,30,Female,14,46.785976903949575,3623.7615163419755,Two year,Fiber optic,Yes,Bank transfer,0
309,42,Female,56,39.59426089304977,4000.698714859607,One year,Fiber optic,No,Credit card,1
310,23,Female,64,71.6282061356186,6552.192878480885,Month-to-month,No,No,Credit card,1
311,45,Male,1,87.39495317058464,2493.922781855649,Month-to-month,No,No,Credit card,1
312,35,Male,68,49.667651417214195,5128.393971109725,Two year,Fiber optic,No,Mailed check,0
313,39,Male,29,68.41596821482716,2208.231877638015,Two year,Fiber optic,No,Credit card,0
314,23,Male,34,129.68226229606228,3210.249379224721,Two year,No,No,Credit card,1
315,27,Male,48,125.85944988381385,3777.998461214074,Month-to-month,DSL,Yes,Electronic check,1
316,18,Female,36,119.5762052343673,4606.469851899455,Month-to-month,No,No,Bank transfer,0
317,57,Female,57,131.70286638487607,4856.772073033423,One year,DSL,Yes,Bank transfer,1
318,35,Male,12,55.11930128882464,302.42890293897256,Month-to-month,No,No,Credit card,0
319,33,Female,23,23.815974189023557,1051.3870862369477,One year,DSL,Yes,Mailed check,0
320,19,Female,38,113.69594560934635,7057.717850148735,One year,DSL,Yes,Mailed check,0
321,68,Female,16,114.36995431615432,5639.95875143161,One year,DSL,Yes,Bank transfer,0
322,33,Male,43,63.89347321396859,683.5156924096142,Month-to-month,Fiber optic,No,Credit card,0
323,36,Male,54,50.86743923305007,1329.2681156996498,Two year,DSL,Yes,Mailed check,0
324,29,Female,61,132.14745393896484,4105.907268111204,Month-to-month,DSL,No,Credit card,1
325,45,Female,8,88.354883666014,2092.3943426784904,Month-to-month,Fiber optic,No,Mailed check,1
326,53,Male,32,29.629698052895233,549.465296623127,One year,No,No,Credit card,0
327,37,Female,32,136.75910774091795,882.4144902572111,Month-to-month,Fiber optic,No,Electronic check,1
328,55,Male,32,99.42487460723095,7860.5631504101975,Two year,DSL,No,Electronic check,0
329,61,Male,12,92.64371135007892,7060.709757236681,Month-to-month,DSL,Yes,Credit card,1
330,54,Female,70,71.24567153515838,3802.363819030973,Two year,No,Yes,Electronic check,0
331,63,Male,38,142.0039165504238,1057.1942396635434,One year,Fiber optic,Yes,Credit card,0
332,53,Female,11,133.44442344643764,1680.6391813569253,One year,No,No,Mailed check,1
333,22,Female,59,149.0244874717285,755.5291021358983,One year,Fiber optic,Yes,Electronic check,0
334,18,Female,57,26.280163752709722,587.0582891619936,Month-to-month,DSL,Yes,Mailed check,0
335,26,Female,8,119.34898976423729,4312.632899760257,One year,DSL,No,Electronic check,1
336,18,Male,4,135.4976223785721,4718.318110337326,Two year,Fiber optic,Yes,Mailed check,0
337,25,Male,53,105.906356698393,3478.9149442573753,Two year,Fiber optic,No,Mailed check,0
338,43,Female,71,56.42224785872479,4962.3104263179775,Month-to-month,No,Yes,Mailed check,1
339,47,Female,42,43.010865331365764,291.7055354369654,One year,DSL,No,Electronic check,0
340,64,Male,24,57.78836792202301,6249.0772129898305,Two year,Fiber optic,No,Credit card,0
341,56,Male,46,40.00257292921375,7723.90625262695,One year,No,No,Bank transfer,1
342,24,Male,49,35.6856782324002,4773.823271072606,One year,Fiber optic,Yes,Mailed check,1
343,31,Female,12,36.40812747926391,581.3015236140646,One year,Fiber optic,Yes,Credit card,0
344,69,Female,50,117.4256049383895,5519.164971415145,One year,Fiber optic,No,Electronic check,1
345,65,Male,54,47.61923258439191,4985.408723776379,Month-to-month,No,Yes,Bank transfer,1
346,28,Male,56,113.28259694358627,5565.228840208339,One year,DSL,Yes,Electronic check,1
347,26,Male,16,38.21665479637437,6305.556761337306,One year,DSL,No,Mailed check,0
348,49,Male,11,144.69103643922796,3404.0793521703276,One year,Fiber optic,Yes,Electronic check,1
349,30,Female,29,146.7174672602758,6127.189109437813,Month-to-month,Fiber optic,Yes,Mailed check,1
350,58,Female,62,69.81873314094138,2126.1855120476466,One year,No,Yes,Mailed check,0
351,55,Male,32,92.78510973952545,2081.7116603576824,Two year,Fiber optic,No,Mailed check,1
352,59,Male,4,69.87332821582226,995.5387170632888,Month-to-month,No,Yes,Bank transfer,0
353,53,Male,52,67.677704411955,4140.62738144782,Two year,Fiber optic,Yes,Electronic check,1
354,65,Male,60,103.66280513194508,3289.7741087267264,Two year,Fiber optic,Yes,Credit card,0
355,47,Male,69,38.816950922732474,2629.043704770984,One year,No,Yes,Bank transfer,0
356,59,Female,68,30.584442202350353,4898.456278619862,One year,No,No,Mailed check,0
357,69,Male,7,138.50552985460536,4723.660652717372,One year,DSL,Yes,Mailed check,0
358,55,Male,60,63.83779521369711,4787.961241411062,One year,DSL,Yes,Mailed check,0
359,60,Male,35,29.757895472086645,7148.264996772249,One year,No,Yes,Bank transfer,0
360,37,Male,28,124.81995042870429,5144.820865609226,Month-to-month,DSL,Yes,Mailed check,0
361,18,Male,49,138.83709999815517,6220.806429867642,One year,DSL,No,Mailed check,0
362,22,Male,37,45.75127758524753,5381.379520488782,Two year,Fiber optic,Yes,Mailed check,1
363,27,Female,61,148.28530638275467,6292.0917124965135,One year,DSL,Yes,Mailed check,1
364,52,Male,60,90.1431359135448,593.4333990269482,Two year,No,No,Electronic check,0
365,55,Female,63,99.43373812985969,5407.9402297268225,Month-to-month,Fiber optic,Yes,Bank transfer,0
366,41,Male,58,92.7399014939355,5832.445611577302,Month-to-month,No,No,Mailed check,0
367,23,Female,10,136.1221595199554,6550.141662110291,One year,Fiber optic,Yes,Mailed check,0
368,30,Female,44,39.866982682784666,2618.2945522931536,One year,No,No,Electronic check,0
369,51,Male,7,51.461400745850455,7425.791504642632,One year,Fiber optic,No,Bank transfer,0
370,25,Male,2,72.87128522008868,6140.017034810946,Month-to-month,No,Yes,Bank transfer,1
371,20,Female,8,44.77206982957279,6316.94548992671,Month-to-month,DSL,No,Electronic check,1
372,53,Female,1,32.2004329975731,5439.01245716466,Month-to-month,Fiber optic,Yes,Mailed check,1
373,48,Male,35,36.56707033511576,2467.8217056829835,Two year,DSL,No,Bank transfer,0
374,58,Female,44,99.82085722760944,6065.068480554171,Two year,No,No,Mailed check,0
375,36,Male,61,54.01604677305722,4317.027297827241,Two year,No,Yes,Bank transfer,0
376,62,Female,34,142.6162201099949,6572.844461910453,One year,DSL,Yes,Bank transfer,0
377,54,Female,14,133.10994816299086,3136.5195054798637,Two year,No,Yes,Mailed check,0
378,20,Female,15,72.57984564679961,2845.0158740025345,One year,No,Yes,Credit card,0
379,58,Male,50,69.09415326533859,6954.230999026799,Two year,Fiber optic,Yes,Credit card,0
380,58,Male,30,108.02575074963411,2959.803546209653,One year,Fiber optic,Yes,Electronic check,0
381,23,Female,17,144.05577565464165,2981.7136163437567,Month-to-month,Fiber optic,Yes,Credit card,0
382,24,Female,31,92.05923363981508,3489.957089040013,Two year,Fiber optic,Yes,Electronic check,0
383,34,Male,50,86.9736877760337,2755.20521734253,Month-to-month,Fiber optic,Yes,Mailed check,1
384,51,Female,8,144.7157098146228,3028.9222290368148,Two year,Fiber optic,No,Mailed check,0
385,49,Male,12,61.984445881719914,7478.771081871201,Two year,Fiber optic,No,Mailed check,0
386,21,Female,53,68.16084550433943,3374.67792024628,Month-to-month,DSL,Yes,Electronic check,0
387,50,Male,55,102.2063756527002,1792.8577247154967,Month-to-month,DSL,Yes,Credit card,0
388,40,Female,11,95.58705728843923,505.3125322754129,Two year,No,Yes,Credit card,1
389,57,Male,57,45.89810629368681,5482.1801613351745,Month-to-month,Fiber optic,No,Mailed check,1
390,51,Male,3,69.56759777776224,1048.3375648455008,One year,No,Yes,Credit card,0
391,40,Female,4,51.50388151827194,7516.647625232081,Two year,Fiber optic,Yes,Bank transfer,0
392,20,Male,53,75.14584666311308,5342.223897065361,Two year,DSL,Yes,Electronic check,1
393,28,Male,40,105.01610623962407,7896.81739131739,One year,No,No,Electronic check,1
394,31,Female,4,40.31286937589,7649.507641743699,Month-to-month,No,Yes,Credit card,1
395,63,Female,15,79.05034263570977,1003.7253422838739,One year,Fiber optic,No,Electronic check,0
396,67,Female,25,53.54912722191271,5586.304040754689,One year,DSL,No,Mailed check,0
397,29,Male,67,135.9314992479942,5220.282038264654,Two year,No,Yes,Mailed check,0
398,68,Male,53,139.60257625325306,4833.481386743741,One year,No,No,Mailed check,0
399,62,Male,64,67.78156746669092,1859.7273319909636,Two year,DSL,Yes,Bank transfer,1
400,44,Female,62,85.77004576219544,7905.977902446015,Two year,No,No,Credit card,1
401,60,Male,70,68.26769901089797,4309.444682160979,Two year,No,No,Credit card,0
402,30,Male,53,127.33119855306288,3289.366213348137,Month-to-month,DSL,Yes,Bank transfer,0
403,33,Male,17,128.42422646428986,4475.7554010928425,Two year,No,Yes,Mailed check,0
404,29,Female,30,76.98567264328929,3337.036755724748,Month-to-month,DSL,Yes,Electronic check,1
405,67,Female,32,101.15644584799685,478.2797839717011,One year,DSL,Yes,Credit card,0
406,61,Female,43,81.80215178006509,3616.1078082574695,Month-to-month,Fiber optic,No,Electronic check,0
407,48,Female,22,145.06163960202682,889.6426700503566,Month-to-month,Fiber optic,No,Bank transfer,1
408,27,Male,14,121.47096603919907,1367.893448138259,One year,No,No,Electronic check,0
409,48,Male,53,112.49545608611166,6874.981673446651,One year,Fiber optic,Yes,Electronic check,1
410,23,Female,4,28.031049576434313,7967.0444587251095,One year,DSL,Yes,Bank transfer,0
411,19,Female,56,73.08846586165471,7113.179182478034,One year,No,No,Electronic check,0
412,57,Female,46,111.7495645976905,7910.746272940075,Two year,No,Yes,Credit card,0
413,19,Female,64,103.19511649371061,3445.0658526905872,Two year,Fiber optic,No,Bank transfer,0
414,46,Female,1,80.16789943361397,2049.7798034846046,Two year,Fiber optic,Yes,Credit card,1
415,44,Female,47,52.48672357455202,2543.525766392298,Two year,Fiber optic,Yes,Bank transfer,0
416,69,Male,54,93.33284860864461,573.6649274361633,Month-to-month,No,No,Electronic check,0
417,31,Female,68,83.13922819987965,4553.112598681238,Two year,No,No,Bank transfer,0
418,27,Female,63,57.614340732601995,3152.087958839946,Two year,No,No,Mailed check,0
419,35,Male,2,74.46924495436866,4948.185251843585,Month-to-month,No,No,Credit card,1
420,60,Male,3,57.41668197803022,5536.2821171731775,Two year,No,Yes,Mailed check,0
421,54,Male,30,138.63928505809693,3509.387961031412,Month-to-month,No,Yes,Bank transfer,0
422,26,Female,35,74.23917652161921,736.0924794525769,Two year,DSL,No,Bank transfer,1
423,60,Female,3,125.98798662504645,6652.243744325868,Month-to-month,DSL,No,Electronic check,1
424,20,Male,8,147.65154602513763,5083.24482991777,One year,No,No,Bank transfer,1
425,62,Female,39,23.1789968634372,7864.487748740245,Month-to-month,No,Yes,Electronic check,1
426,36,Female,25,40.66939995468131,5478.767087609973,Two year,No,No,Electronic check,0
427,34,Female,62,84.93953019025965,2447.9653986626245,Two year,DSL,No,Bank transfer,0
428,53,Female,30,102.4555112536022,2219.632719004373,Month-to-month,Fiber optic,No,Electronic check,0
429,45,Female,10,116.87833593498773,4611.206643254415,Month-to-month,DSL,No,Credit card,1
430,68,Male,52,48.58213105590602,5497.945830526792,Two year,Fiber optic,No,Credit card,0
431,45,Male,66,51.43920949783916,5533.797187221835,One year,No,Yes,Electronic check,0
432,61,Male,24,83.96884087158065,4902.123477503578,Month-to-month,Fiber optic,No,Electronic check,1
433,35,Male,27,103.11788885226686,4141.683136397012,Two year,Fiber optic,Yes,Bank transfer,0
434,35,Male,33,31.719400329326287,2336.419192702083,One year,Fiber optic,Yes,Mailed check,0
435,39,Male,19,85.5115928284624,1533.2563762046093,Two year,No,Yes,Electronic check,0
436,26,Female,20,101.39017356828583,4737.810864090047,Two year,Fiber optic,No,Electronic check,1
437,58,Male,30,72.22210349866916,5873.068074442266,One year,DSL,No,Mailed check,1
438,32,Female,58,127.08871780760305,640.6786679878721,Month-to-month,Fiber optic,Yes,Mailed check,0
439,64,Female,57,40.084944146650095,6483.564645505977,One year,Fiber optic,No,Bank transfer,0
440,61,Male,31,103.89229486035423,3578.676450800222,One year,DSL,No,Mailed check,1
441,63,Male,18,35.22051595800199,5364.933345405804,One year,DSL,No,Credit card,0
442,51,Female,33,86.78016137434679,2452.9533524838384,Month-to-month,Fiber optic,No,Electronic check,1
443,67,Male,13,37.796443899193605,920.7654727978456,Month-to-month,Fiber optic,No,Electronic check,1
444,38,Female,43,144.54653459130844,929.8879916861927,Two year,Fiber optic,No,Bank transfer,1
445,59,Female,34,89.65731116488416,3201.8578434244973,One year,No,No,Electronic check,1
446,23,Female,18,125.26737621664135,2401.5755191252483,Two year,No,Yes,Bank transfer,0
447,25,Male,14,144.3618712329777,2814.37744914496,Two year,Fiber optic,No,Electronic check,0
448,50,Female,67,148.66051417478232,2843.723181179387,One year,DSL,No,Electronic check,0
449,42,Female,20,35.75831831998862,1157.1295547446582,One year,DSL,No,Bank transfer,0
450,37,Male,6,30.793546597261525,6431.194590156138,Month-to-month,Fiber optic,Yes,Mailed check,1
451,43,Male,58,23.240648113714123,5121.3794995336475,Two year,Fiber optic,Yes,Electronic check,0
452,24,Male,43,104.18043281850937,7297.523461707064,Month-to-month,DSL,No,Mailed check,1
453,21,Male,10,145.29072670244375,3779.8198001445667,One year,DSL,No,Electronic check,0
454,35,Male,64,52.53364879884358,6926.721409415196,Month-to-month,Fiber optic,No,Mailed check,1
455,60,Male,58,100.90634280854947,4623.072737907812,Month-to-month,Fiber optic,Yes,Mailed check,1
456,66,Male,42,68.84379011296406,587.1691522609628,Two year,No,No,Credit card,1
457,61,Female,49,82.77613636453478,7978.433051866728,Two year,Fiber optic,Yes,Electronic check,0
458,58,Female,60,146.61354029642717,3507.5359024370086,Month-to-month,DSL,Yes,Electronic check,1
459,44,Female,57,66.28731479738784,2386.9902610746512,Two year,DSL,Yes,Mailed check,0
460,27,Female,37,40.06194564108819,4272.867398862826,Month-to-month,Fiber optic,Yes,Credit card,1
461,41,Female,39,45.95915261491107,6146.351255539067,Month-to-month,Fiber optic,Yes,Electronic check,1
462,22,Female,7,22.655629264726844,1206.4442665159047,One year,No,No,Bank transfer,0
463,37,Male,28,74.23855883930905,5753.031895551916,Two year,No,No,Bank transfer,1
464,57,Female,40,32.557395084519214,6053.116867936814,Two year,No,No,Bank transfer,0
465,25,Female,25,105.28435859323544,7305.723676905889,Two year,No,Yes,Mailed check,1
466,40,Male,42,88.95449140941157,6520.10531221106,Two year,Fiber optic,No,Credit card,0
467,31,Female,29,72.48987220735812,2301.9370857498675,Month-to-month,No,No,Mailed check,1
468,26,Male,2,29.315157163080467,3245.0073552871045,Two year,Fiber optic,No,Mailed check,0
469,67,Male,62,126.92055401157964,2821.366095359218,Two year,DSL,No,Electronic check,0
470,54,Female,64,91.42944185913808,4341.722847548799,Two year,No,No,Credit card,1
471,18,Female,14,112.45035047735631,7847.080843811703,One year,Fiber optic,Yes,Electronic check,0
472,34,Male,21,143.20848364934608,5892.471876164666,Two year,DSL,Yes,Mailed check,1
473,24,Male,5,145.4762169060179,3430.4054261819815,Two year,No,Yes,Electronic check,0
474,29,Female,40,134.98625225126437,962.7144260152537,One year,DSL,No,Mailed check,1
475,26,Female,33,111.12835400793566,1121.178440524011,Month-to-month,Fiber optic,Yes,Bank transfer,1
476,67,Male,42,48.23679497034442,1258.14766841688,Two year,No,Yes,Bank transfer,0
477,21,Male,7,126.76947124580343,7837.835513228616,One year,No,No,Bank transfer,1
478,51,Female,31,32.91167519633854,6407.573296252766,Month-to-month,DSL,No,Bank transfer,1
479,35,Female,24,111.96423892579632,3264.5415011472364,Two year,DSL,No,Bank transfer,1
480,62,Female,66,110.75325563045541,6668.587661857569,One year,No,No,Electronic check,0
481,64,Female,62,52.306193233261766,4917.779119385365,One year,No,No,Electronic check,0
482,51,Male,46,25.958312844287136,6250.579200906819,One year,Fiber optic,Yes,Credit card,1
483,23,Male,39,109.25198204991878,5246.558593832603,Month-to-month,DSL,No,Electronic check,0
484,42,Male,28,60.30520820130752,3496.4880315238356,Two year,No,Yes,Bank transfer,0
485,39,Male,44,39.742243356433306,7390.568446979965,One year,DSL,No,Mailed check,0
486,24,Male,38,80.32678179741643,6519.88416359552,One year,No,Yes,Mailed check,0
487,66,Male,58,122.9507822095583,5992.4940674892305,Month-to-month,DSL,Yes,Bank transfer,1
488,60,Male,68,27.024928749422607,4137.137319825685,One year,Fiber optic,No,Credit card,0
489,19,Female,44,82.94279827915481,6133.86039310076,Two year,DSL,Yes,Bank transfer,0
490,55,Female,63,86.88200343924301,4784.517820954399,Two year,DSL,Yes,Credit card,0
491,24,Female,20,66.63534697286651,5156.781816927564,Month-to-month,Fiber optic,No,Mailed check,1
492,24,Female,43,49.1424339036335,2558.351949612782,Two year,No,Yes,Bank transfer,0
493,37,Male,24,77.15677104343428,5009.885743445176,Month-to-month,No,No,Credit card,1
494,59,Male,17,81.29386038199249,7756.144272997902,One year,No,Yes,Mailed check,0
495,68,Female,37,27.29740674606156,5868.740215962833,Two year,DSL,Yes,Mailed check,0
496,56,Male,20,65.96460668450229,3600.281611089169,Two year,Fiber optic,No,Mailed check,1
497,40,Female,46,144.6091975927573,2412.937880318206,Month-to-month,DSL,Yes,Bank transfer,1
498,32,Male,22,108.65815364223134,6939.018254895264,Two year,DSL,Yes,Bank transfer,0
499,58,Male,34,35.170466943163355,487.2665591537977,Month-to-month,DSL,Yes,Electronic check,0
500,67,Female,12,40.45228421615309,4196.563138235874,Month-to-month,Fiber optic,No,Mailed check,1
501,57,Male,36,99.21382005884979,2168.338376590338,One year,DSL,No,Electronic check,1
502,65,Male,37,35.02427427788366,3494.3973018714305,Month-to-month,Fiber optic,No,Credit card,1
503,34,Female,41,115.08830636907926,1169.411529404634,Two year,Fiber optic,No,Bank transfer,0
504,55,Female,56,104.56450017514044,6461.9652730870985,Month-to-month,DSL,Yes,Electronic check,1
505,29,Female,40,96.50210439410729,6558.208440243036,Two year,Fiber optic,No,Bank transfer,0
506,30,Female,47,94.59938224750024,3726.7962733189493,Month-to-month,DSL,Yes,Electronic check,0
507,29,Female,5,47.138152525134316,6599.842703242882,One year,Fiber optic,No,Mailed check,0
508,65,Female,70,48.87968908401356,4523.336278034765,Two year,No,No,Bank transfer,0
509,53,Female,64,26.04861671000252,7607.753763434707,Month-to-month,No,Yes,Mailed check,0
510,65,Female,11,27.70587121000027,4104.548291144492,Month-to-month,Fiber optic,Yes,Credit card,1
511,54,Male,50,98.70125456879772,5512.745125419842,Month-to-month,DSL,No,Electronic check,1
512,60,Female,25,21.693755154985325,4984.805662077585,Month-to-month,DSL,No,Electronic check,1
513,30,Female,57,106.9876405780824,2385.6054522072336,Month-to-month,No,No,Electronic check,1
514,23,Male,2,75.47004111659595,6466.48933519407,Month-to-month,No,No,Mailed check,1
515,65,Female,13,105.35010517190831,7257.098967066219,One year,No,No,Credit card,1
516,51,Female,53,74.68712732617483,2228.2983222448934,Month-to-month,DSL,Yes,Credit card,0
517,29,Male,20,88.23683082352827,2774.4981862880163,Month-to-month,No,No,Mailed check,1
518,30,Female,43,47.69922790357759,3571.4638635315155,Two year,No,No,Mailed check,1
519,57,Female,31,72.6406974096619,1914.5108828630644,Two year,Fiber optic,Yes,Bank transfer,1
520,54,Male,12,30.21520985684018,1091.6728364185687,One year,No,Yes,Electronic check,0
521,43,Male,25,24.661758666529053,6661.461604114569,Month-to-month,Fiber optic,Yes,Electronic check,1
522,41,Female,36,64.64392097243956,6657.68820740458,One year,No,No,Bank transfer,1
523,34,Female,27,67.84923484021732,7548.741388583997,Two year,DSL,No,Electronic check,0
524,22,Male,42,135.54013220428746,2040.5200938162836,Month-to-month,DSL,Yes,Credit card,1
525,50,Male,56,45.19823472439941,120.64015450141024,Month-to-month,DSL,No,Credit card,1
526,46,Female,8,149.19809827909114,7902.277840282373,One year,Fiber optic,Yes,Mailed check,1
527,58,Male,46,117.0333718179792,548.1204933159233,Month-to-month,Fiber optic,No,Credit card,0
528,25,Male,23,51.326358443532854,1521.5142955398064,Two year,No,No,Credit card,0
529,37,Female,27,97.30589582749295,3467.7103385471974,Two year,DSL,Yes,Mailed check,0
530,38,Female,8,54.68014349437843,7852.143752106328,Month-to-month,Fiber optic,No,Credit card,0
531,21,Female,67,90.69935629325934,3440.3577747493123,Two year,DSL,No,Mailed check,0
532,23,Male,19,49.69263235254307,2007.146801423569,One year,Fiber optic,No,Credit card,0
533,26,Female,54,120.93785033075577,4185.302655835949,Two year,DSL,Yes,Mailed check,0
534,61,Female,44,112.77029549062975,6005.40464789911,Two year,DSL,No,Mailed check,0
535,24,Male,27,99.49429579400949,2017.7997182049255,Month-to-month,No,No,Credit card,1
536,18,Male,37,115.77230584261983,6030.559316735493,One year,DSL,No,Electronic check,0
537,36,Female,4,29.341471173759878,2463.7638942619633,Two year,No,No,Credit card,0
538,20,Male,14,43.45603798346605,6482.69595384289,Month-to-month,No,No,Bank transfer,1
539,50,Female,41,33.60296113779427,5166.119150703452,Two year,Fiber optic,Yes,Bank transfer,0
540,59,Male,42,147.37155194466084,3763.512872547838,Two year,DSL,Yes,Bank transfer,1
541,20,Female,43,21.64689651268764,2112.481376823743,One year,No,No,Mailed check,0
542,63,Female,60,102.69631462877467,1224.5047284199436,One year,Fiber optic,No,Credit card,0
543,19,Female,9,81.8665283834276,992.2637186876269,Two year,Fiber optic,No,Bank transfer,1
544,26,Female,36,29.967247693618056,339.17519286670745,Month-to-month,DSL,No,Credit card,1
545,21,Male,53,82.02091146359051,4148.775491939514,One year,No,Yes,Electronic check,0
546,23,Male,20,137.12419686274868,2613.8361822754096,Two year,Fiber optic,No,Credit card,1
547,56,Female,13,116.80285428027321,747.2450980751834,Two year,Fiber optic,Yes,Credit card,1
548,50,Female,55,93.86129304722711,3197.8603859970303,Month-to-month,Fiber optic,No,Mailed check,0
549,39,Female,62,102.70674516651493,5401.270830012295,One year,No,Yes,Mailed check,1
550,66,Female,16,93.4896857103475,4745.0265893670085,One year,DSL,No,Credit card,0
551,49,Male,41,114.75990566317422,3286.7791181514685,Month-to-month,No,No,Bank transfer,1
552,29,Male,50,90.1132772745399,988.0819968095573,Two year,No,Yes,Mailed check,0
553,26,Male,66,80.02186421829086,2975.4757234059152,Month-to-month,No,Yes,Mailed check,1
554,19,Male,32,26.051381141878696,6169.40646033393,One year,No,Yes,Bank transfer,0
555,37,Female,31,104.28187528685977,7721.981312459873,One year,DSL,No,Credit card,1
556,47,Male,15,107.22916657765357,7246.504075098393,One year,DSL,Yes,Credit card,0
557,30,Female,4,149.16959613261997,6405.240502735129,One year,No,No,Credit card,1
558,38,Female,16,55.373961266120325,7511.761579790357,Two year,Fiber optic,No,Credit card,0
559,60,Female,28,60.80783421536758,3156.278175587402,Month-to-month,Fiber optic,No,Mailed check,1
560,37,Female,3,72.55464027961813,5087.732428612499,Month-to-month,Fiber optic,Yes,Mailed check,0
561,26,Male,27,25.659222093640004,4933.513693307085,One year,Fiber optic,No,Credit card,1
562,57,Female,47,83.5609640014593,5201.965833826595,One year,Fiber optic,Yes,Bank transfer,0
563,66,Male,59,97.06914891086919,2429.7938287151123,Two year,DSL,Yes,Credit card,0
564,51,Female,59,96.6935741790139,6566.371557415845,Two year,No,No,Electronic check,1
565,47,Female,23,135.90824987674767,2571.197468408489,Month-to-month,DSL,No,Credit card,0
566,54,Male,46,33.53893810099741,4088.0675626143566,One year,No,No,Electronic check,0
567,61,Male,21,61.70906341348462,7411.993403266201,Month-to-month,DSL,No,Credit card,1
568,51,Female,2,112.30379630198752,7500.828274645079,Month-to-month,No,No,Electronic check,1
569,20,Male,23,25.49928428365804,1031.5395160122682,Two year,No,Yes,Mailed check,0
570,28,Male,40,113.38250186815594,5606.254143520473,Two year,DSL,Yes,Mailed check,1
571,58,Female,44,63.92337825546823,4029.494705309464,One year,Fiber optic,Yes,Electronic check,0
572,60,Male,68,83.94573484753633,4280.114645705128,One year,No,No,Mailed check,0
573,45,Female,21,61.60977575244325,4695.004034108171,Two year,No,No,Mailed check,0
574,23,Male,32,74.41639589417954,6022.533004152417,Two year,DSL,Yes,Credit card,0
575,52,Male,5,102.42870566625608,3395.8851573569727,One year,DSL,Yes,Bank transfer,1
576,38,Female,31,66.77842078462685,5872.075132745214,One year,DSL,Yes,Bank transfer,0
577,68,Female,60,40.60439172017135,820.0243144440586,One year,DSL,No,Electronic check,0
578,67,Female,12,123.45703250751187,3628.9715215425517,Two year,No,No,Bank transfer,0
579,68,Female,47,103.34210217793856,4558.044409558145,One year,DSL,No,Mailed check,0
580,18,Male,47,147.91458031324427,5717.057170439234,Two year,Fiber optic,Yes,Bank transfer,0
581,18,Female,19,102.62662233294265,825.3064797062415,One year,DSL,No,Bank transfer,0
582,61,Male,10,85.37487274143355,4992.136512924067,One year,No,Yes,Mailed check,1
583,56,Female,34,74.91196144064835,6727.1742083401305,One year,DSL,No,Electronic check,0
584,44,Male,15,112.89473058144635,6485.482157618751,Two year,Fiber optic,No,Credit card,0
585,61,Male,42,48.092787372249816,6025.210558923406,One year,Fiber optic,No,Credit card,0
586,48,Female,64,25.849274140885168,1526.7366731667726,One year,Fiber optic,No,Credit card,0
587,50,Female,69,126.73030221776037,1133.3084149117585,One year,DSL,No,Mailed check,0
588,38,Female,65,75.19586051106816,3282.5242483992033,Two year,Fiber optic,Yes,Mailed check,0
589,56,Male,14,141.00791390643627,3640.6310278389637,One year,Fiber optic,No,Credit card,0
590,42,Female,25,38.43061737452565,1002.66068274403,Two year,No,Yes,Credit card,0
591,65,Male,54,70.0787277607213,1932.60285121605,One year,No,Yes,Electronic check,0
592,34,Male,62,113.1173979555432,5315.991897754136,Two year,No,No,Electronic check,1
593,55,Male,53,62.35561873677706,122.98496928085054,Month-to-month,DSL,Yes,Electronic check,1
594,23,Male,39,99.28498963070605,7931.189664199333,Month-to-month,Fiber optic,Yes,Electronic check,1
595,42,Female,11,105.18865455980878,715.0468617843164,One year,No,Yes,Credit card,1
596,23,Female,29,40.82235273889796,6729.249533632003,Month-to-month,DSL,No,Credit card,1
597,55,Male,30,147.11071625046384,6149.213727696548,One year,DSL,No,Electronic check,1
598,21,Male,3,79.68028825377118,3976.0215243355947,Month-to-month,Fiber optic,No,Bank transfer,1
599,59,Male,64,145.61330298916613,987.7545457504685,Month-to-month,Fiber optic,No,Electronic check,1
600,26,Male,48,90.24690843323054,7042.883834024944,Two year,DSL,Yes,Credit card,0
601,37,Female,11,77.50269986522395,556.8073071235146,One year,No,Yes,Electronic check,1
602,26,Female,44,147.65399346064865,6860.340479488598,One year,No,Yes,Electronic check,0
603,50,Male,54,99.10955767117346,1723.405871615564,One year,DSL,Yes,Bank transfer,0
604,60,Male,71,27.30662328826076,5331.09936377523,Two year,Fiber optic,Yes,Electronic check,1
605,43,Male,32,69.07442337205993,1488.797248936352,Two year,No,Yes,Credit card,0
606,69,Female,49,93.3784593141564,3065.903648046984,Month-to-month,DSL,No,Electronic check,1
607,63,Female,15,107.16175038208807,1763.4927216291142,One year,DSL,No,Bank transfer,1
608,37,Female,68,103.38593881584212,5499.324321080937,Month-to-month,DSL,No,Credit card,1
609,62,Male,57,49.24189483178451,4715.938686280029,One year,No,Yes,Electronic check,0
610,56,Female,27,22.993307148272123,7978.222745890491,Month-to-month,Fiber optic,Yes,Credit card,1
611,60,Male,44,118.0239226958984,5966.892154150329,Month-to-month,No,Yes,Credit card,1
612,46,Male,64,43.58645792538425,2012.851817248074,One year,No,Yes,Credit card,0
613,61,Male,34,29.086867661422694,863.1055167214425,One year,DSL,No,Electronic check,1
614,45,Male,45,124.48145947386395,416.63586858749426,Month-to-month,DSL,No,Mailed check,1
615,35,Female,19,30.46430141577561,2063.3863851924866,Month-to-month,No,Yes,Electronic check,0
616,41,Female,27,45.33711102316957,2680.9245282142474,Month-to-month,Fiber optic,Yes,Credit card,1
617,24,Male,67,91.14069480220644,6959.0246786806165,Month-to-month,DSL,Yes,Bank transfer,1
618,56,Female,38,87.89871501819891,6547.735611555584,Month-to-month,Fiber optic,Yes,Credit card,0
619,63,Male,17,80.78143146042186,4012.954724304996,One year,DSL,Yes,Mailed check,0
620,54,Male,18,140.08327277127495,6244.008364968014,One year,Fiber optic,Yes,Mailed check,1
621,62,Male,22,127.95914215144491,6183.85068446346,One year,DSL,Yes,Credit card,0
622,38,Male,38,29.380960016378047,4029.2663074622506,Month-to-month,DSL,No,Electronic check,0
623,49,Female,56,47.04452928147393,7421.349927853669,Month-to-month,No,No,Bank transfer,0
624,43,Male,19,91.98055392657092,2514.965574314764,One year,No,Yes,Credit card,0
625,69,Female,68,131.20011402303356,6109.90233115321,One year,Fiber optic,Yes,Mailed check,0
626,27,Male,46,69.73390832017091,4989.343488390333,Month-to-month,DSL,Yes,Mailed check,0
627,33,Male,13,28.869866140791487,724.6477293444925,Two year,Fiber optic,Yes,Electronic check,0
628,24,Male,46,57.737571780581405,3395.7928250492264,Two year,Fiber optic,No,Mailed check,0
629,41,Female,10,43.626920176477,1040.8786097691736,Month-to-month,No,Yes,Mailed check,1
630,59,Female,48,52.197750709334855,6712.033244382236,One year,Fiber optic,No,Electronic check,0
631,34,Female,8,40.56529791195156,5357.9669094779965,One year,DSL,Yes,Credit card,1
632,31,Male,62,127.96704374309813,4369.407709963616,One year,Fiber optic,Yes,Credit card,0
633,29,Female,41,26.977703123552583,4121.439218959678,Two year,DSL,Yes,Bank transfer,0
634,49,Male,53,45.324686902822954,2947.979921869206,Two year,Fiber optic,No,Bank transfer,0
635,28,Male,6,72.76688121561071,5311.668685924156,Two year,No,No,Bank transfer,0
636,42,Male,37,98.85798377636917,3806.900345500303,Two year,Fiber optic,No,Credit card,1
637,67,Female,33,27.657875278961118,5382.6316663399775,Month-to-month,No,Yes,Electronic check,1
638,62,Female,56,53.34249293718557,6748.237765402979,Month-to-month,DSL,No,Electronic check,1
639,20,Male,4,58.55929864718136,5123.80140181072,Month-to-month,Fiber optic,Yes,Credit card,1
640,38,Female,23,81.14015671558703,5356.615505611357,Month-to-month,Fiber optic,Yes,Credit card,1
641,28,Male,70,72.23129098434882,7996.721955096433,Two year,Fiber optic,No,Credit card,0
642,67,Male,62,87.43437664036341,5281.4414330392165,Month-to-month,Fiber optic,No,Mailed check,0
643,28,Male,56,39.95029237639829,819.4070071860906,One year,Fiber optic,No,Mailed check,0
644,40,Male,24,144.14806923580838,3270.3595128930315,Two year,No,Yes,Bank transfer,1
645,33,Male,33,123.06414344519176,4989.173905833043,Month-to-month,Fiber optic,Yes,Electronic check,0
646,66,Female,60,139.9563418280215,5648.612492581954,Month-to-month,Fiber optic,Yes,Electronic check,1
647,27,Male,24,36.33235026753127,6554.837818801728,One year,No,Yes,Bank transfer,0
648,41,Female,24,83.06048316135396,4277.639209957521,Month-to-month,Fiber optic,No,Credit card,1
649,20,Male,41,90.49719322583013,5237.133192818167,Month-to-month,DSL,Yes,Electronic check,0
650,48,Female,31,139.79376734588982,3491.2461337675463,Month-to-month,Fiber optic,No,Mailed check,1
651,38,Male,49,113.13217711783932,3105.737804795284,Month-to-month,No,No,Electronic check,1
652,69,Female,1,56.778484398010725,825.3073627428407,One year,Fiber optic,No,Electronic check,1
653,51,Female,1,58.949917770641534,4132.0902219638265,Two year,Fiber optic,No,Electronic check,1
654,44,Female,61,50.538845984069,1354.7551869467654,One year,No,No,Bank transfer,0
655,43,Male,43,37.28674928401063,645.4718263700153,One year,DSL,Yes,Bank transfer,0
656,32,Male,20,48.76282455554792,2669.1963028521027,Two year,DSL,No,Mailed check,0
657,19,Female,61,131.87799733938698,4060.358928072688,Month-to-month,Fiber optic,No,Electronic check,1
658,61,Male,65,133.39098664835876,7636.782361722901,Two year,No,No,Credit card,0
659,19,Male,14,84.45044398583784,595.264612914257,Two year,No,Yes,Mailed check,0
660,64,Male,53,29.93906348280775,4344.4866282699995,Month-to-month,No,Yes,Mailed check,0
661,29,Female,2,113.06424283708478,7370.926386466022,Month-to-month,No,No,Credit card,1
662,55,Male,1,123.22370005001491,6909.705070074392,One year,DSL,Yes,Electronic check,0
663,38,Female,15,83.74848658734777,1952.3221399256743,One year,No,No,Mailed check,0
664,66,Female,21,86.59650879086044,7064.519006475137,One year,No,Yes,Mailed check,0
665,56,Female,39,79.9497637161705,2815.0509822761596,Two year,DSL,No,Bank transfer,0
666,63,Female,64,97.50342495392357,4503.0061245029865,One year,Fiber optic,Yes,Bank transfer,0
667,59,Male,38,69.72629570186331,2268.5347701025694,Month-to-month,No,Yes,Credit card,1
668,55,Male,48,79.06819025268037,2553.3238339357663,Month-to-month,DSL,No,Mailed check,1
669,22,Male,54,29.135416430015862,3085.5976032695594,Two year,Fiber optic,Yes,Mailed check,0
670,38,Male,23,88.4569402039592,4748.796425123373,Month-to-month,No,Yes,Credit card,0
671,38,Female,12,30.51859334952571,7534.377103207639,One year,DSL,No,Mailed check,0
672,31,Female,4,78.08925107041325,1124.5507105286367,Month-to-month,DSL,No,Mailed check,0
673,53,Male,51,89.33496559918267,3208.081868107621,One year,DSL,Yes,Credit card,0
674,31,Female,17,117.60358725964353,2409.740590440735,Month-to-month,DSL,No,Electronic check,0
675,23,Female,65,100.58377896555716,4454.9459416969285,Two year,DSL,No,Mailed check,1
676,49,Male,39,99.59690576482679,7849.787386140456,Two year,DSL,Yes,Credit card,0
677,24,Female,37,137.5446863748025,1873.5351406611626,One year,DSL,Yes,Mailed check,0
678,33,Female,38,110.25999214197967,1893.50886825986,Two year,DSL,No,Mailed check,0
679,69,Male,40,54.61487160209254,1988.8513335195084,One year,DSL,No,Credit card,0
680,32,Male,15,149.6922043409405,6944.918311117289,Two year,DSL,No,Bank transfer,1
681,55,Female,57,42.05570592451642,6410.123604374142,One year,Fiber optic,Yes,Bank transfer,0
682,66,Male,3,85.20086637062164,1246.4855538015806,Two year,No,No,Mailed check,1
683,60,Female,20,63.91257725089155,3553.6023482430046,One year,No,Yes,Credit card,0
684,62,Male,10,39.48566477190478,7734.880437109942,Month-to-month,DSL,Yes,Electronic check,1
685,43,Male,10,35.160420157406556,7577.381337906508,One year,No,No,Mailed check,0
686,18,Female,40,46.252503557102386,417.3857961861668,One year,DSL,No,Credit card,0
687,26,Male,36,42.60915723084567,3563.6163723340874,Month-to-month,Fiber optic,No,Credit card,1
688,33,Male,40,125.61392714617051,2317.9083937678224,One year,Fiber optic,No,Credit card,0
689,50,Female,70,68.40564496686466,515.9333454919661,Month-to-month,No,No,Credit card,0
690,60,Female,58,111.85631447297469,7813.663188223809,Two year,Fiber optic,Yes,Credit card,0
691,31,Female,12,92.85191160772585,4947.656430628681,One year,Fiber optic,Yes,Credit card,0
692,67,Male,20,119.54269213747338,6307.807870168633,Month-to-month,No,No,Mailed check,1
693,55,Male,71,102.6243140401773,7619.906568439447,Two year,DSL,Yes,Mailed check,0
694,28,Male,39,55.06045606717001,7685.481263964701,Month-to-month,Fiber optic,No,Mailed check,1
695,55,Female,34,147.45555584552437,2952.434211015845,One year,Fiber optic,No,Credit card,1
696,46,Male,47,96.58868498109544,4050.3120997712354,Two year,Fiber optic,Yes,Mailed check,0
697,22,Male,63,65.36512696412456,6952.446456745622,Month-to-month,DSL,Yes,Credit card,0
698,62,Male,14,89.50513773169858,1043.9107980408799,Two year,Fiber optic,Yes,Mailed check,1
699,53,Female,46,60.40101010168833,4629.309935855021,Month-to-month,Fiber optic,No,Mailed check,1
700,52,Male,6,49.02167783786239,1204.1450333959096,One year,Fiber optic,Yes,Electronic check,0
701,29,Male,32,138.72930119192313,6029.178427149762,Month-to-month,Fiber optic,Yes,Electronic check,0
702,28,Male,50,110.57708306083686,4619.244488118054,Two year,No,No,Bank transfer,0
703,36,Female,11,73.93948794202576,3651.1624636049896,One year,No,No,Electronic check,0
704,62,Male,6,135.32187892045602,1657.4662484922244,One year,No,No,Bank transfer,1
705,19,Female,52,148.11104981563318,4103.129628178165,Two year,Fiber optic,No,Bank transfer,0
706,34,Female,32,29.952905482370312,2188.4916843043284,One year,DSL,No,Mailed check,0
707,63,Female,41,113.2790187542735,7790.583654566382,One year,DSL,No,Bank transfer,1
708,60,Female,39,29.83905056554535,2221.874982649443,Month-to-month,Fiber optic,No,Bank transfer,1
709,36,Female,12,40.974152763609816,3289.7962534122644,One year,Fiber optic,Yes,Mailed check,0
710,36,Male,35,133.71112039478524,309.34604604624326,One year,No,Yes,Bank transfer,0
711,49,Male,40,91.84774128328105,244.99641787508702,One year,Fiber optic,No,Credit card,1
712,60,Female,66,110.22632478717337,2343.380728942109,Two year,DSL,No,Bank transfer,0
713,29,Female,21,25.380363034114662,7897.397980351564,Month-to-month,DSL,Yes,Mailed check,1
714,41,Male,58,32.50620610932644,2112.3967709363465,One year,No,No,Mailed check,0
715,56,Male,68,67.3406757378591,6797.298360357097,One year,Fiber optic,No,Bank transfer,0
716,57,Female,24,32.30984505198082,4250.641720921436,Two year,No,No,Electronic check,1
717,59,Female,35,43.768393620743424,4251.255820730833,One year,DSL,No,Credit card,0
718,35,Female,66,129.38013639884005,6528.29763093149,Two year,DSL,Yes,Electronic check,0
719,54,Female,8,38.43547665467913,955.8001673247268,One year,Fiber optic,Yes,Electronic check,1
720,37,Female,69,82.51206081816706,6401.235123862016,Month-to-month,No,Yes,Bank transfer,1
721,26,Male,10,146.99065086784628,5404.1359807810095,Month-to-month,DSL,No,Electronic check,1
722,24,Male,55,125.23655200637383,1450.0837997175295,Month-to-month,DSL,No,Mailed check,1
723,35,Female,27,139.74914644188573,3240.058899056846,Month-to-month,DSL,No,Bank transfer,1
724,62,Female,67,123.39772322888722,1024.702914276687,One year,DSL,Yes,Mailed check,0
725,28,Male,40,148.14388193567444,3137.2778262664106,Two year,Fiber optic,No,Mailed check,0
726,69,Male,35,27.926690559736265,422.3092461801418,One year,DSL,Yes,Mailed check,0
727,27,Female,15,62.126343130712726,7345.658641889076,One year,DSL,No,Mailed check,0
728,61,Female,5,60.368805827305415,7705.34510885896,Two year,No,Yes,Bank transfer,0
729,35,Female,45,140.41145623555713,5706.4627134246475,Month-to-month,Fiber optic,Yes,Credit card,0
730,53,Male,63,48.213630254820956,3101.9376733151175,Two year,No,Yes,Electronic check,0
731,41,Male,66,109.48317774328427,4278.776390789281,Two year,Fiber optic,No,Electronic check,0
732,18,Female,8,108.21535052724293,7757.560497747909,One year,DSL,Yes,Electronic check,0
733,47,Female,50,136.42860093034312,2143.1706170816014,Two year,No,No,Mailed check,0
734,43,Male,6,61.16100021403854,6146.560982191956,One year,No,No,Mailed check,1
735,37,Male,13,82.28212266750454,4658.811773495386,Two year,No,No,Mailed check,0
736,40,Male,2,33.53314317153174,1198.2233027783448,Month-to-month,No,Yes,Bank transfer,1
737,21,Male,41,79.86537316441874,6440.3590545448105,One year,No,No,Mailed check,0
738,46,Female,65,138.10072389693482,2113.901141202422,Month-to-month,Fiber optic,No,Bank transfer,1
739,53,Female,2,123.35280301713081,7088.397439021521,Two year,No,No,Mailed check,1
740,31,Male,65,120.88089917332422,4393.194669441665,One year,No,No,Credit card,1
741,57,Female,2,110.8646301403945,469.2419252958579,Month-to-month,Fiber optic,No,Mailed check,1
742,23,Male,55,64.93521013990045,6505.148987467999,Two year,No,Yes,Electronic check,0
743,20,Male,22,31.8518492875972,5466.4689648358535,One year,Fiber optic,No,Mailed check,0
744,65,Female,59,121.78775486792112,2931.184421499243,One year,DSL,Yes,Credit card,0
745,28,Female,4,109.33495812001726,1455.4585345495036,Two year,DSL,Yes,Mailed check,1
746,57,Male,58,137.4326090299246,3302.9371066301524,Month-to-month,Fiber optic,Yes,Credit card,0
747,39,Male,8,54.14774127219549,778.2580163968278,Month-to-month,DSL,Yes,Bank transfer,1
748,54,Female,58,78.54536543459241,7610.966099685693,Month-to-month,DSL,Yes,Credit card,0
749,30,Female,59,34.259156544099106,4234.997027076102,One year,DSL,Yes,Electronic check,0
750,30,Female,31,141.8063852402061,4121.936626711865,Two year,Fiber optic,No,Credit card,0
751,69,Male,15,71.15815334417174,7727.563726705794,Month-to-month,Fiber optic,No,Bank transfer,0
752,39,Female,43,134.07054093611427,6942.444199286975,Two year,No,Yes,Bank transfer,0
753,40,Male,2,81.36064933520683,7183.337202710578,Month-to-month,No,No,Electronic check,1
754,69,Male,68,131.3660907362613,3182.631368508011,Month-to-month,No,No,Electronic check,1
755,34,Male,63,20.479481588843537,3004.4318247581177,Two year,No,Yes,Electronic check,1
756,38,Male,54,63.768576850670506,3719.381639147564,Month-to-month,DSL,Yes,Bank transfer,1
757,56,Female,40,101.16807555416531,7900.910701390463,One year,Fiber optic,Yes,Bank transfer,0
758,64,Female,32,30.453466066100702,5932.325950400557,Two year,No,No,Mailed check,0
759,36,Male,47,36.3693389736264,7254.429194228413,Two year,No,Yes,Bank transfer,0
760,18,Male,18,147.85811630066308,994.9857253010233,Month-to-month,Fiber optic,No,Mailed check,0
761,54,Male,20,82.94328415450278,770.6748918539945,Month-to-month,DSL,No,Bank transfer,0
762,20,Male,45,25.914155080146912,2480.958892034111,One year,Fiber optic,Yes,Mailed check,0
763,39,Male,53,43.094117456130874,3304.311661328832,Two year,No,No,Mailed check,0
764,62,Male,65,75.13483756400007,4001.0355162148708,Month-to-month,No,No,Credit card,1
765,46,Female,26,140.3696316518983,5235.074211398918,Two year,No,Yes,Credit card,1
766,23,Male,70,67.16433280674775,1074.1776836525453,Month-to-month,DSL,Yes,Electronic check,0
767,57,Female,27,125.46114086866864,1340.815257896548,Two year,DSL,Yes,Electronic check,1
768,46,Female,58,88.64518645964657,2678.7159247511704,Two year,No,Yes,Bank transfer,0
769,39,Female,41,102.68534283431222,4965.585350631127,Two year,No,No,Credit card,0
770,53,Female,41,89.65979561270133,181.9096982554309,Two year,DSL,Yes,Mailed check,0
771,43,Male,55,66.97921948281083,3588.5016954689586,Two year,Fiber optic,Yes,Electronic check,1
772,35,Male,9,77.42368571743953,4696.826749603892,One year,No,Yes,Electronic check,0
773,47,Male,27,143.4453554441061,7563.748866841665,Two year,No,No,Mailed check,0
774,67,Male,60,64.21307714956531,273.8925069332412,Two year,No,Yes,Mailed check,0
775,50,Female,33,107.81622714682521,3656.7614491430363,Month-to-month,No,Yes,Bank transfer,1
776,22,Male,64,55.17103005154486,1495.7251064640523,Two year,Fiber optic,No,Bank transfer,0
777,47,Female,66,76.78623851232938,7274.437624971042,Month-to-month,DSL,Yes,Mailed check,0
778,19,Female,71,31.06155533053375,4214.697871054344,Month-to-month,DSL,Yes,Mailed check,0
779,60,Female,30,107.36063034263901,7997.229326692763,Month-to-month,Fiber optic,No,Bank transfer,1
780,25,Male,47,24.329778052512786,2664.3810200104103,Month-to-month,DSL,Yes,Credit card,1
781,39,Male,41,31.984013381554476,6818.709884673019,Two year,DSL,No,Electronic check,0
782,68,Female,71,123.5142621770137,5806.99590288593,Two year,Fiber optic,Yes,Mailed check,0
783,25,Female,45,32.990100151900684,1271.742539454799,Month-to-month,Fiber optic,Yes,Mailed check,1
784,30,Male,67,59.44598247545031,6423.657111032274,One year,No,No,Credit card,0
785,63,Male,6,123.15539515198252,7756.6329615950435,Month-to-month,No,No,Electronic check,1
786,53,Female,41,37.691324857678204,5953.6068965362465,Month-to-month,DSL,No,Bank transfer,1
787,25,Male,67,42.147111547278314,5350.424225605022,Month-to-month,No,No,Credit card,1
788,69,Male,10,68.36491019411265,6438.8075966511615,One year,DSL,Yes,Mailed check,0
789,30,Female,35,131.2583327157002,576.2563823338891,Two year,DSL,No,Electronic check,1
790,33,Female,18,35.098938116913764,6090.0349798189645,Two year,DSL,Yes,Bank transfer,0
791,23,Male,35,24.48653792861483,6515.587317488635,One year,Fiber optic,No,Bank transfer,0
792,44,Female,3,55.33088311159826,2931.023961784588,Month-to-month,Fiber optic,No,Electronic check,1
793,32,Female,6,95.28703864572392,4102.693930460822,Month-to-month,DSL,No,Electronic check,1
794,42,Male,26,72.74704971015552,7997.426861771665,Two year,No,Yes,Mailed check,1
795,48,Female,29,58.34209180369482,1073.018502368558,Month-to-month,Fiber optic,Yes,Electronic check,1
796,24,Female,54,53.35020923789344,4998.775800210736,One year,DSL,Yes,Bank transfer,1
797,40,Male,46,79.51598431276516,1194.1722804977105,One year,No,Yes,Mailed check,0
798,67,Female,17,112.38846143982946,6969.162615883071,One year,Fiber optic,No,Electronic check,0
799,33,Female,21,36.27331593540162,5095.629078940733,One year,Fiber optic,No,Electronic check,0
800,46,Female,43,130.73305794969252,3213.9954426810946,One year,DSL,Yes,Credit card,1
801,36,Female,3,90.18110836894436,7410.217685056017,One year,DSL,No,Bank transfer,0
802,57,Female,25,91.59281901478504,2338.351266924316,Month-to-month,DSL,Yes,Credit card,0
803,27,Male,16,75.9118561269995,4427.632404170687,Two year,Fiber optic,Yes,Credit card,0
804,31,Male,57,87.92496932986913,6050.2810139906105,Month-to-month,Fiber optic,Yes,Credit card,0
805,21,Female,28,37.09776311597264,6966.851433020141,Two year,Fiber optic,Yes,Electronic check,0
806,48,Female,25,96.6209012638097,4515.696386736646,Month-to-month,DSL,Yes,Mailed check,1
807,52,Female,45,32.21513941922563,373.1601307959411,Month-to-month,No,No,Mailed check,0
808,58,Female,6,49.184991783792,5665.5882889945315,One year,Fiber optic,Yes,Bank transfer,0
809,52,Female,53,125.32344526623984,2246.780514721525,Month-to-month,No,Yes,Credit card,1
810,55,Female,26,20.447326450347962,1415.1635705165502,One year,No,Yes,Bank transfer,1
811,60,Male,67,35.483826115082095,6092.26437693532,One year,No,Yes,Bank transfer,0
812,36,Female,32,61.08074476535721,2728.1578838817964,Two year,DSL,Yes,Mailed check,0
813,22,Female,60,50.38124700685423,4382.319445494448,One year,Fiber optic,No,Credit card,0
814,22,Female,57,74.70358012119371,6835.0154389007175,Month-to-month,Fiber optic,No,Credit card,0
815,42,Male,24,23.30917547704882,2742.0683735165303,One year,No,No,Credit card,1
816,45,Female,11,134.04316336110998,2972.372987612118,Two year,DSL,No,Credit card,1
817,25,Male,44,129.28948844651757,7742.558654690512,Month-to-month,Fiber optic,Yes,Electronic check,1
818,38,Male,35,89.3438024294868,1109.8453775576972,Month-to-month,No,No,Credit card,1
819,49,Female,61,78.42414578311063,7088.372301213256,Month-to-month,Fiber optic,Yes,Credit card,1
820,64,Male,24,81.75354652932748,614.5593120771226,Month-to-month,DSL,No,Mailed check,0
821,57,Female,49,87.37508874017054,6398.502626740932,One year,DSL,Yes,Electronic check,0
822,38,Male,28,100.59953365529731,3280.728323047028,Month-to-month,No,Yes,Mailed check,1
823,62,Male,22,81.36612899004356,7967.33261028927,One year,No,No,Bank transfer,0
824,51,Female,38,126.32305935836858,2816.378372356556,One year,Fiber optic,No,Mailed check,0
825,33,Female,71,66.10405390808717,1692.4099276989361,Month-to-month,Fiber optic,Yes,Bank transfer,1
826,55,Male,29,82.78897238569681,2306.8502738527736,Two year,DSL,Yes,Mailed check,0
827,51,Male,45,46.57914685473425,2520.648016185621,One year,Fiber optic,Yes,Electronic check,0
828,20,Male,2,141.0272426912245,5373.991843790021,Two year,No,Yes,Credit card,1
829,52,Female,48,31.11641809723738,1006.8955887214329,One year,Fiber optic,Yes,Credit card,0
830,58,Female,55,79.96073979315068,852.0353928085144,Month-to-month,Fiber optic,No,Electronic check,1
831,59,Female,12,80.08697708033138,5673.419092328067,Two year,DSL,No,Electronic check,0
832,65,Female,43,98.91723062423216,3142.0714780963526,One year,No,Yes,Mailed check,1
833,18,Male,2,81.11064084977292,2832.1898574484453,Two year,Fiber optic,Yes,Bank transfer,0
834,37,Female,12,72.74920183168653,2601.060410266631,One year,Fiber optic,Yes,Mailed check,0
835,62,Male,68,143.7681795556349,2571.72287629221,Two year,Fiber optic,No,Bank transfer,1
836,34,Male,23,149.67895514320747,2630.7178882095714,Month-to-month,No,Yes,Electronic check,0
837,23,Male,40,33.590678031708755,4953.820825317009,Month-to-month,No,Yes,Mailed check,1
838,26,Female,6,89.22026435222341,6111.283702209304,Two year,Fiber optic,Yes,Electronic check,0
839,64,Male,5,40.17652867133626,1870.7508535972515,Month-to-month,DSL,Yes,Bank transfer,0
840,67,Male,25,96.90562693798869,518.8511915161275,Month-to-month,No,Yes,Bank transfer,1
841,44,Male,35,80.91507512906625,4828.979731864464,Two year,Fiber optic,Yes,Credit card,0
842,47,Male,69,68.4185012819639,2338.882602002335,Month-to-month,DSL,Yes,Electronic check,0
843,51,Female,35,52.36748790254627,6594.515195587429,One year,DSL,No,Bank transfer,0
844,31,Female,53,104.68495313613995,328.2036852052524,Two year,No,Yes,Bank transfer,0
845,64,Male,16,106.92092254403693,5471.452488406569,Month-to-month,DSL,Yes,Credit card,0
846,37,Male,6,101.84833318628564,1860.615105825418,One year,DSL,Yes,Bank transfer,0
847,47,Male,68,99.74838119946803,1637.5544557796154,One year,DSL,Yes,Bank transfer,1
848,56,Male,51,67.89348031793693,1090.0306805110522,Two year,No,Yes,Mailed check,0
849,61,Female,59,78.72069749047843,701.530155782492,Month-to-month,DSL,No,Mailed check,1
850,58,Male,38,40.534921355728656,4518.78677197656,Two year,No,No,Bank transfer,0
851,39,Female,11,112.63541242731166,3612.673030801333,Two year,No,No,Mailed check,1
852,54,Female,56,51.85955709395809,6123.295139241716,One year,No,No,Bank transfer,0
853,60,Male,7,68.58449370747783,6245.8664194753555,One year,No,No,Bank transfer,0
854,49,Male,38,33.432977661735165,6149.786710781657,Two year,DSL,Yes,Electronic check,0
855,40,Female,19,28.217099402702424,5336.071013672178,One year,DSL,No,Credit card,1
856,34,Male,49,143.25885507741725,2049.2576538379817,Month-to-month,Fiber optic,Yes,Bank transfer,1
857,46,Female,37,100.30981485818741,4806.634307648383,Month-to-month,No,Yes,Electronic check,0
858,63,Female,57,42.613158559175425,909.6888709384322,Month-to-month,DSL,Yes,Bank transfer,0
859,35,Female,65,59.30142769076869,4906.542285927415,One year,No,Yes,Mailed check,0
860,63,Female,57,47.44852792332516,5730.258287967305,Month-to-month,DSL,Yes,Mailed check,0
861,67,Male,57,92.71041318904697,5816.2689327215685,One year,Fiber optic,No,Electronic check,0
862,37,Female,15,53.11882636529007,4564.409421971234,One year,No,No,Electronic check,0
863,55,Male,15,70.17556495858229,2122.1990280203318,Month-to-month,No,Yes,Credit card,0
864,36,Female,41,129.61664731003384,3195.3491106323345,Two year,Fiber optic,No,Mailed check,0
865,56,Male,58,140.14086550129173,5742.910324133384,One year,DSL,No,Credit card,0
866,38,Male,3,73.03138233546451,5743.618962974096,Month-to-month,No,Yes,Credit card,1
867,34,Male,5,117.14508298590206,7083.611234819509,Month-to-month,DSL,Yes,Electronic check,1
868,57,Male,43,44.81760144804969,1238.9248907726392,Two year,DSL,Yes,Electronic check,0
869,47,Male,26,26.874628263531513,382.5917572970978,One year,Fiber optic,Yes,Mailed check,1
870,43,Female,34,112.10763892127385,1819.358724955459,Month-to-month,Fiber optic,Yes,Electronic check,0
871,63,Female,39,122.4713356364607,515.716214242606,Two year,No,No,Mailed check,0
872,46,Male,56,44.44508284821636,2978.6700941004856,Month-to-month,DSL,Yes,Credit card,0
873,58,Male,53,30.13451579032573,4568.143257100124,Two year,DSL,No,Electronic check,0
874,25,Male,17,23.16395231449978,2612.9136305529264,Two year,No,Yes,Credit card,1
875,28,Female,15,48.05282182418694,3387.6824181921265,One year,DSL,Yes,Electronic check,0
876,40,Male,34,47.858357094086614,6620.676651123437,Month-to-month,Fiber optic,Yes,Bank transfer,0
877,59,Male,31,99.31637535477101,7053.223677356597,Month-to-month,No,Yes,Credit card,1
878,52,Female,66,87.09814113370781,4952.873274760719,Month-to-month,Fiber optic,Yes,Electronic check,1
879,60,Female,12,131.71545924792736,6271.058041750791,Month-to-month,DSL,No,Mailed check,1
880,27,Male,65,71.20934706794696,4384.026470697377,Two year,No,No,Credit card,0
881,58,Male,17,146.91698035730982,3169.0450026774006,Month-to-month,DSL,No,Bank transfer,1
882,44,Male,42,42.095356171663795,4488.8439695263805,Month-to-month,No,No,Electronic check,1
883,62,Male,35,142.5847809187157,770.7830221923429,Month-to-month,DSL,No,Electronic check,1
884,65,Female,32,122.94836578111696,2017.4071853380021,One year,DSL,Yes,Electronic check,1
885,38,Male,35,26.52783880586734,2290.588042797597,Two year,Fiber optic,No,Credit card,0
886,30,Male,43,127.70261746878863,5111.209454204262,Month-to-month,No,No,Bank transfer,1
887,38,Female,50,107.52762270378815,3665.8323296416997,Month-to-month,No,No,Bank transfer,1
888,48,Male,15,142.17402642577036,2805.2968114157266,One year,DSL,No,Credit card,0
889,69,Female,69,35.74180422922324,6090.28171639683,Month-to-month,Fiber optic,Yes,Electronic check,0
890,56,Male,25,147.6878844719874,430.3584280719697,Two year,DSL,No,Electronic check,1
891,24,Female,9,31.470996548616256,2269.4123578893664,Month-to-month,DSL,No,Bank transfer,1
892,57,Male,16,112.68432608679412,2239.0194538361857,One year,Fiber optic,Yes,Electronic check,1
893,37,Female,18,40.97271513766674,6560.809626973638,Month-to-month,Fiber optic,Yes,Mailed check,0
894,34,Female,19,24.920171621872335,6038.163614769516,Month-to-month,Fiber optic,No,Credit card,1
895,38,Female,67,148.96114634084253,7846.001061635136,One year,DSL,Yes,Credit card,1
896,42,Male,55,131.29822698778094,787.6114275184761,One year,DSL,Yes,Electronic check,0
897,28,Female,12,98.35102439440647,4915.69351547088,Two year,No,Yes,Electronic check,0
898,69,Female,17,113.53309125967922,7484.401723977524,One year,No,No,Bank transfer,0
899,24,Female,71,90.13727111008063,4741.677558653929,One year,Fiber optic,No,Bank transfer,0
900,44,Female,13,58.721134079670755,5238.413130194111,Month-to-month,DSL,No,Electronic check,0
901,40,Male,4,53.15203387461416,6720.186713565695,Two year,DSL,Yes,Bank transfer,1
902,67,Female,55,115.42513419670561,7690.37417786477,One year,Fiber optic,No,Credit card,0
903,43,Male,30,49.99842883996567,2432.4040225177246,Two year,No,Yes,Credit card,0
904,34,Male,55,68.47490476314016,1672.9221228962883,One year,DSL,No,Electronic check,1
905,61,Female,59,27.2862719286908,7533.331820565256,Month-to-month,Fiber optic,Yes,Mailed check,0
906,34,Female,1,64.75093930217146,5198.512814546512,One year,Fiber optic,Yes,Mailed check,0
907,35,Male,19,57.24635189518216,4785.553178942527,Month-to-month,Fiber optic,No,Mailed check,1
908,56,Male,66,148.37287538588305,7102.191694281503,Month-to-month,DSL,No,Credit card,1
909,55,Female,36,114.24086424494426,3431.0566378588533,Month-to-month,No,No,Credit card,0
910,65,Female,34,145.63924096394285,7673.811604605769,Month-to-month,Fiber optic,Yes,Mailed check,1
911,36,Male,17,77.91442172747864,7584.933948920094,One year,DSL,No,Mailed check,0
912,66,Male,3,61.84677399626851,7631.393816405005,One year,No,Yes,Mailed check,0
913,53,Male,21,73.16267280555573,1358.3594754148633,One year,DSL,Yes,Credit card,1
914,48,Male,68,70.50408233669798,3217.1105519832304,Two year,No,Yes,Mailed check,1
915,27,Female,57,54.6367877173126,6761.406058443157,Two year,No,Yes,Credit card,0
916,38,Male,28,136.2210641950026,2895.5271842377774,One year,No,Yes,Electronic check,0
917,39,Male,42,122.09397048597106,2079.2802369208384,Two year,Fiber optic,No,Bank transfer,0
918,30,Female,43,148.0506920385055,4774.692225169642,Month-to-month,No,No,Credit card,1
919,53,Male,32,112.20261825509478,6628.040726466753,Two year,No,No,Credit card,0
920,67,Male,28,110.09979930351086,2071.0213190323275,Month-to-month,No,Yes,Credit card,1
921,63,Male,57,134.35911651698538,860.990635121805,One year,No,No,Credit card,1
922,20,Male,18,79.9895205987495,4859.508333481598,Two year,Fiber optic,No,Bank transfer,1
923,29,Male,12,46.76528265614934,1105.6570739858416,Two year,No,No,Electronic check,0
924,46,Female,67,59.49558153803016,2752.547583427857,Month-to-month,No,No,Bank transfer,1
925,47,Male,30,122.9319287492338,3700.804451917445,Two year,DSL,Yes,Credit card,1
926,59,Female,5,40.8454465170258,7488.078155530605,One year,No,Yes,Electronic check,1
927,43,Female,11,135.0747311881477,765.3851545586309,Month-to-month,Fiber optic,Yes,Mailed check,1
928,42,Female,58,27.03130169282033,958.4317927579938,Two year,DSL,No,Bank transfer,0
929,62,Female,57,30.527919578243683,6769.075575573631,Month-to-month,Fiber optic,No,Mailed check,0
930,59,Female,54,107.30353236448107,3090.49756323015,One year,Fiber optic,No,Electronic check,0
931,19,Female,56,27.975778352067017,2202.7602846822583,Month-to-month,DSL,Yes,Electronic check,0
932,58,Female,15,52.48596850057498,2283.4293408762387,Month-to-month,Fiber optic,Yes,Bank transfer,0
933,37,Male,26,82.13585638009457,4239.26575953714,Two year,No,Yes,Credit card,0
934,49,Male,39,140.35411459418947,3712.0323689085326,Month-to-month,No,No,Mailed check,1
935,24,Female,19,101.4274332353009,6559.926663471488,Two year,Fiber optic,No,Electronic check,1
936,38,Male,54,46.39383769176359,4320.860581824099,Month-to-month,No,No,Bank transfer,1
937,52,Female,54,143.06149053361443,3457.6798512158857,Two year,Fiber optic,Yes,Mailed check,0
938,63,Female,2,55.759518638873935,2983.8645593557453,Month-to-month,No,No,Mailed check,1
939,36,Male,30,100.7134388107872,7818.654170700133,Month-to-month,Fiber optic,Yes,Mailed check,0
940,58,Male,54,85.06744646237735,7092.286160650178,Two year,No,No,Credit card,0
941,25,Male,39,31.589418646804376,3589.9419846728615,One year,No,No,Mailed check,0
942,46,Male,10,114.55204206509015,3671.508988238129,Month-to-month,DSL,No,Credit card,1
943,29,Male,39,98.73833312966053,5197.935773039322,Month-to-month,No,Yes,Mailed check,0
944,55,Male,50,133.231285957661,3494.6573206575067,One year,No,No,Electronic check,0
945,58,Female,56,64.74114069932972,7975.542098960897,Two year,Fiber optic,No,Bank transfer,0
946,25,Male,60,32.274486994359236,3336.872109183742,One year,No,Yes,Bank transfer,0
947,23,Male,67,27.46948557264406,5038.446230378449,Month-to-month,DSL,No,Mailed check,1
948,53,Male,66,128.4276471632933,5424.48759112069,Two year,No,No,Electronic check,1
949,18,Female,49,28.318856198042923,6160.208427218832,Month-to-month,No,No,Mailed check,1
950,21,Female,10,42.67818289463563,162.45597486191485,One year,DSL,Yes,Electronic check,0
951,50,Male,3,51.20394156483797,2060.029030160015,Two year,DSL,No,Mailed check,0
952,64,Female,34,113.25503894171044,1700.1890535663545,Month-to-month,No,No,Mailed check,0
953,50,Male,6,149.7688379962133,7536.517736786056,Month-to-month,No,No,Electronic check,1
954,24,Female,46,114.4260485250934,7877.637896840709,One year,No,No,Bank transfer,0
955,47,Female,71,99.14246426344762,1345.8481908762662,One year,Fiber optic,No,Mailed check,0
956,18,Male,31,100.83092136865879,5161.607575642424,Month-to-month,DSL,No,Mailed check,1
957,55,Male,61,118.92374688443304,3401.1004961070357,One year,No,Yes,Electronic check,1
958,64,Male,26,135.77399924365713,431.47403975496053,Month-to-month,DSL,Yes,Credit card,1
959,33,Female,29,126.95000359597277,1116.9902931227925,Two year,DSL,No,Mailed check,0
960,38,Female,64,30.636552391356126,254.720449219998,One year,Fiber optic,No,Bank transfer,0
961,28,Female,70,129.46087505417256,995.8326568913716,Two year,No,Yes,Credit card,0
962,48,Female,48,99.389633089926,4083.492315117738,Two year,Fiber optic,Yes,Mailed check,0
963,20,Female,6,31.526352305781828,5293.580586439895,One year,Fiber optic,Yes,Bank transfer,0
964,61,Female,62,66.7359002292901,4265.8798410857125,Month-to-month,DSL,Yes,Electronic check,0
965,56,Female,12,74.56967326186188,4952.542927359655,Month-to-month,DSL,Yes,Bank transfer,1
966,46,Male,30,95.5547618359973,646.5485090738598,One year,DSL,No,Mailed check,0
967,42,Male,55,21.572280189014744,2514.759617356966,Month-to-month,Fiber optic,No,Mailed check,0
968,64,Female,22,46.703354818049874,1737.1955741563577,One year,No,Yes,Bank transfer,0
969,24,Female,23,119.45283404384911,6125.755888943684,Month-to-month,Fiber optic,No,Mailed check,0
970,38,Female,7,123.33725447693013,7849.6880059415425,One year,Fiber optic,Yes,Bank transfer,0
971,33,Female,18,76.14314764805133,7499.830527335532,Month-to-month,Fiber optic,No,Bank transfer,1
972,20,Male,51,44.4661085635469,168.98711645417626,Two year,Fiber optic,No,Mailed check,1
973,34,Male,35,121.29438902993412,4859.670630408493,Month-to-month,Fiber optic,Yes,Electronic check,1
974,63,Female,15,45.77017732493744,2403.652143541069,One year,DSL,No,Bank transfer,0
975,52,Female,23,65.32690940413542,211.98834229677902,Two year,Fiber optic,No,Bank transfer,0
976,38,Female,49,21.787012508052282,751.3569217339785,One year,Fiber optic,No,Mailed check,0
977,52,Female,20,78.89696593695206,5559.97819656099,Two year,DSL,No,Mailed check,0
978,24,Male,58,105.47200502188481,3057.9623908625094,One year,Fiber optic,No,Bank transfer,1
979,19,Male,25,112.81753637203695,5823.539039515771,Two year,Fiber optic,No,Mailed check,1
980,27,Female,65,38.13559102847461,1660.3031987891165,One year,No,Yes,Mailed check,0
981,52,Female,29,82.33577555459146,5006.040568055925,One year,Fiber optic,No,Credit card,0
982,31,Female,23,79.46804111739556,1986.371299017029,Month-to-month,DSL,Yes,Bank transfer,1
983,19,Female,36,80.779110308309,5691.690147688096,Two year,No,Yes,Mailed check,0
984,36,Female,58,72.78707347499125,1172.037149868677,Two year,Fiber optic,No,Credit card,0
985,60,Male,33,74.90208174044747,3553.3150763855265,Month-to-month,Fiber optic,Yes,Electronic check,0
986,25,Female,41,148.76453405055884,5500.977794999935,Two year,Fiber optic,No,Electronic check,0
987,23,Female,71,115.15656437719726,5207.183363612865,Month-to-month,No,Yes,Bank transfer,1
988,31,Male,49,141.88246152918964,940.0324291055538,One year,DSL,No,Credit card,0
989,50,Female,19,93.75078694097078,2011.7165687761453,One year,Fiber optic,Yes,Mailed check,0
990,39,Male,2,100.7546202994875,4752.02760609978,Month-to-month,Fiber optic,No,Bank transfer,1
991,23,Female,65,120.60704060088591,4028.5268046631213,One year,DSL,No,Credit card,0
992,24,Female,21,146.2462003677389,2411.001539742684,Month-to-month,Fiber optic,No,Electronic check,0
993,23,Female,67,135.67852936893968,7876.387203023505,Month-to-month,DSL,No,Credit card,1
994,24,Male,8,149.79643824061486,2206.9074148753575,Two year,Fiber optic,Yes,Mailed check,0
995,39,Female,11,54.53631289096953,2646.058706235492,One year,Fiber optic,Yes,Bank transfer,0
996,69,Female,53,79.87791545412512,3733.2358513254676,One year,Fiber optic,No,Bank transfer,1
997,59,Male,53,133.71076503474762,5705.078997740189,Two year,No,No,Credit card,0
998,66,Female,41,20.37658901716761,3668.453574629904,Two year,Fiber optic,No,Mailed check,0
999,38,Male,34,134.08830703344978,5339.712742810002,Two year,No,Yes,Electronic check,1
1000,61,Female,61,129.15228220685353,6241.706382737271,One year,No,Yes,Credit card,1
